filename,contorno,numeros,agujas
correct/reloj_099.png,1,1,0
correct/reloj_208.png,1,0,1
incorrect/reloj_196.png,0,0,0
correct/reloj_012.png,0,0,1
correct/reloj_098.png,1,1,0
incorrect/reloj_058.png,0,0,0
incorrect/reloj_153.png,0,0,0
correct/reloj_021.png,0,1,0
incorrect/reloj_171.png,0,0,0
incorrect/reloj_289.jpg,0,0,0
incorrect/reloj_079.png,0,0,0
correct/reloj_035.png,0,1,1
correct/reloj_088.png,0,1,1
incorrect/reloj_300.png,0,0,0
correct/reloj_193.jpg,1,1,1
correct/reloj_089.png,0,1,0
incorrect/reloj_230.png,0,0,0
incorrect/reloj_272.png,0,0,0
incorrect/reloj_052.png,0,0,0
correct/reloj_117.png,0,0,1
incorrect/reloj_077.png,0,0,0
incorrect/reloj_118.png,0,0,0
correct/reloj_050.png,1,1,0
incorrect/reloj_094.png,0,0,0
incorrect/reloj_031.png,0,0,0
incorrect/reloj_141.png,0,0,0
incorrect/reloj_176.png,0,0,0
incorrect/reloj_046.png,0,0,0
incorrect/reloj_155.png,0,0,0
incorrect/reloj_026.png,0,0,0
incorrect/reloj_156.png,0,0,0
incorrect/reloj_195.png,0,0,0
incorrect/reloj_291.jpg,0,1,0
correct/reloj_135.png,0,1,0
correct/reloj_007.jpg,1,0,0
correct/reloj_072.png,0,1,0
incorrect/reloj_119.png,0,0,0
correct/reloj_140.png,0,1,0
correct/reloj_110.png,0,0,1
correct/reloj_123.png,0,0,1
incorrect/reloj_283.jpg,0,0,0
incorrect/reloj_269.jpg,0,0,0
incorrect/reloj_165.png,0,0,0
incorrect/reloj_147.png,0,0,0
incorrect/reloj_109.png,0,0,0
incorrect/reloj_019.png,0,0,0
incorrect/reloj_073.png,0,0,0
correct/reloj_180.jpg,1,1,0
incorrect/reloj_261.jpg,0,0,0
incorrect/reloj_008.png,0,0,0
incorrect/reloj_016.png,0,0,0
correct/reloj_155.png,1,1,0
correct/reloj_133.png,0,1,1
correct/reloj_124.png,0,1,0
correct/reloj_111.png,0,0,1
correct/reloj_179.jpg,1,1,0
correct/reloj_071.png,0,0,1
correct/reloj_018.png,0,0,1
incorrect/reloj_145.png,0,0,0
incorrect/reloj_220.png,0,0,0
incorrect/reloj_097.png,0,0,0
correct/reloj_154.png,1,1,1
incorrect/reloj_273.jpg,0,0,0
correct/reloj_004.jpg,1,0,0
correct/reloj_095.png,1,1,0
correct/reloj_008.jpg,1,0,0
incorrect/reloj_233.png,0,0,0
correct/reloj_006.jpg,1,0,0
correct/reloj_160.jpg,1,0,0
correct/reloj_228.png,0,1,1
incorrect/reloj_173.png,0,0,0
correct/reloj_157.png,1,1,1
correct/reloj_046.png,1,1,0
correct/reloj_185.jpg,1,1,1
incorrect/reloj_060.png,0,0,0
correct/reloj_203.jpg,1,1,1
incorrect/reloj_223.png,0,0,0
incorrect/reloj_070.png,0,0,0
correct/reloj_020.jpg,1,0,0
correct/reloj_232.png,0,0,1
correct/reloj_129.png,0,1,0
incorrect/reloj_143.png,0,0,0
correct/reloj_144.png,0,1,1
correct/reloj_175.jpg,1,1,0
correct/reloj_062.png,0,0,1
incorrect/reloj_174.png,0,0,0
incorrect/reloj_255.jpg,0,0,0
incorrect/reloj_133.png,0,0,0
correct/reloj_223.png,1,0,1
correct/reloj_030.png,0,1,0
incorrect/reloj_226.png,0,0,0
incorrect/reloj_030.png,0,0,0
correct/reloj_153.png,1,1,1
incorrect/reloj_227.png,0,0,0
incorrect/reloj_067.png,0,0,0
correct/reloj_143.png,0,1,1
correct/reloj_009.jpg,1,0,0
incorrect/reloj_126.png,0,0,0
correct/reloj_174.jpg,1,1,0
correct/reloj_186.jpg,1,1,1
correct/reloj_085.png,0,1,1
correct/reloj_150.png,1,1,0
correct/reloj_130.jpg,1,0,0
incorrect/reloj_166.png,0,0,0
correct/reloj_060.png,0,0,1
incorrect/reloj_068.png,0,0,0
incorrect/reloj_284.png,0,0,0
correct/reloj_215.png,0,1,1
incorrect/reloj_020.png,0,0,0
incorrect/reloj_250.png,0,0,0
correct/reloj_013.png,0,0,1
correct/reloj_107.png,1,1,1
incorrect/reloj_259.jpg,0,0,0
correct/reloj_126.png,0,1,1
incorrect/reloj_056.png,0,0,0
correct/reloj_010.jpg,1,0,0
incorrect/reloj_205.png,0,0,0
correct/reloj_218.png,0,0,1
correct/reloj_092.png,0,1,1
incorrect/reloj_257.jpg,0,0,0
incorrect/reloj_113.png,0,0,0
incorrect/reloj_140.png,0,0,0
correct/reloj_184.jpg,1,1,0
incorrect/reloj_245.jpg,0,0,0
incorrect/reloj_091.png,0,0,0
incorrect/reloj_127.png,0,0,0
correct/reloj_068.png,0,0,1
incorrect/reloj_248.png,0,0,0
incorrect/reloj_180.png,0,0,0
correct/reloj_158.png,1,1,1
correct/reloj_116.png,0,0,1
incorrect/reloj_235.png,0,0,0
correct/reloj_151.png,1,1,1
correct/reloj_001.jpg,1,0,0
correct/reloj_083.png,0,1,0
correct/reloj_094.png,1,1,0
incorrect/reloj_238.png,0,0,0
incorrect/reloj_260.png,0,0,0
incorrect/reloj_159.png,0,0,0
incorrect/reloj_179.png,0,0,0
correct/reloj_042.jpg,1,0,0
incorrect/reloj_023.png,0,0,0
incorrect/reloj_036.png,0,0,0
correct/reloj_011.png,0,0,1
incorrect/reloj_043.png,0,0,0
incorrect/reloj_288.png,0,0,0
incorrect/reloj_308.png,0,0,0
incorrect/reloj_204.png,0,0,0
incorrect/reloj_224.png,0,0,0
correct/reloj_181.jpg,1,1,0
incorrect/reloj_182.png,0,0,0
incorrect/reloj_241.png,0,0,0
incorrect/reloj_177.png,0,0,0
correct/reloj_233.png,0,0,1
incorrect/reloj_085.png,0,0,0
correct/reloj_199.jpg,1,1,1
incorrect/reloj_249.jpg,0,0,0
incorrect/reloj_307.jpg,0,1,0
correct/reloj_167.jpg,1,0,0
correct/reloj_170.jpg,1,1,0
incorrect/reloj_011.png,0,0,0
incorrect/reloj_010.png,0,0,0
incorrect/reloj_193.png,0,0,0
correct/reloj_076.png,0,1,1
incorrect/reloj_292.png,0,0,0
correct/reloj_204.jpg,1,1,1
incorrect/reloj_290.png,0,0,0
incorrect/reloj_098.png,0,0,0
correct/reloj_017.png,0,0,1
incorrect/reloj_004.png,0,0,0
incorrect/reloj_316.png,0,0,0
incorrect/reloj_169.png,0,0,0
incorrect/reloj_214.png,0,0,0
incorrect/reloj_225.png,0,0,0
incorrect/reloj_114.png,0,0,0
incorrect/reloj_006.png,0,0,0
correct/reloj_024.png,0,1,1
incorrect/reloj_076.png,0,0,0
correct/reloj_087.png,0,1,1
incorrect/reloj_212.png,0,0,0
incorrect/reloj_087.png,0,0,0
correct/reloj_101.png,1,1,1
correct/reloj_198.jpg,1,1,1
incorrect/reloj_110.png,0,0,0
incorrect/reloj_239.png,0,0,0
incorrect/reloj_034.png,0,0,0
incorrect/reloj_075.png,0,0,0
correct/reloj_217.png,0,1,1
incorrect/reloj_314.png,0,0,0
incorrect/reloj_221.png,0,0,0
correct/reloj_214.png,0,1,1
incorrect/reloj_018.png,0,0,0
incorrect/reloj_194.png,0,0,0
correct/reloj_165.jpg,1,0,0
incorrect/reloj_108.png,0,0,0
incorrect/reloj_198.png,0,0,0
correct/reloj_168.jpg,1,0,0
correct/reloj_142.png,0,1,1
incorrect/reloj_084.png,0,0,0
correct/reloj_059.png,0,0,1
incorrect/reloj_093.png,0,0,0
incorrect/reloj_038.png,0,0,0
incorrect/reloj_074.png,0,0,0
incorrect/reloj_232.png,0,0,0
incorrect/reloj_197.png,0,0,0
correct/reloj_045.png,1,1,0
correct/reloj_031.jpg,1,0,0
incorrect/reloj_080.png,0,0,0
correct/reloj_202.jpg,1,1,1
incorrect/reloj_125.png,0,0,0
correct/reloj_145.png,1,1,0
incorrect/reloj_158.png,0,0,0
correct/reloj_137.png,0,1,1
incorrect/reloj_254.png,0,0,0
incorrect/reloj_128.png,0,0,0
correct/reloj_066.png,0,0,1
incorrect/reloj_017.png,0,0,0
correct/reloj_122.png,0,0,1
incorrect/reloj_047.png,0,0,0
correct/reloj_176.jpg,1,1,0
incorrect/reloj_102.png,0,0,0
correct/reloj_127.png,0,1,1
correct/reloj_128.png,0,1,1
correct/reloj_051.png,1,1,0
correct/reloj_055.png,1,1,1
incorrect/reloj_112.png,0,0,0
correct/reloj_229.png,0,1,1
incorrect/reloj_083.png,0,0,0
correct/reloj_091.png,0,1,1
correct/reloj_081.png,0,1,1
incorrect/reloj_164.png,0,0,0
incorrect/reloj_184.png,0,0,0
incorrect/reloj_178.png,0,0,0
incorrect/reloj_302.png,0,0,0
correct/reloj_159.png,1,1,1
correct/reloj_023.png,0,1,1
correct/reloj_149.png,1,1,0
correct/reloj_211.png,0,0,1
incorrect/reloj_144.png,0,0,0
incorrect/reloj_149.png,0,0,0
incorrect/reloj_313.jpg,0,1,0
incorrect/reloj_207.png,0,0,0
incorrect/reloj_303.jpg,0,1,0
correct/reloj_057.png,0,0,1
correct/reloj_061.png,0,0,1
incorrect/reloj_296.png,0,0,0
incorrect/reloj_276.png,0,0,0
incorrect/reloj_121.png,0,0,0
incorrect/reloj_285.jpg,0,0,0
incorrect/reloj_231.png,0,0,0
correct/reloj_103.png,1,1,0
incorrect/reloj_134.png,0,0,0
correct/reloj_002.jpg,1,0,0
incorrect/reloj_117.png,0,0,0
correct/reloj_164.jpg,1,0,0
incorrect/reloj_203.png,0,0,0
incorrect/reloj_138.png,0,0,0
correct/reloj_056.png,0,0,1
correct/reloj_219.png,0,0,1
incorrect/reloj_183.png,0,0,0
incorrect/reloj_185.png,0,0,0
incorrect/reloj_105.png,0,0,0
correct/reloj_097.jpg,1,0,0
correct/reloj_032.png,0,1,0
correct/reloj_033.png,0,1,1
correct/reloj_093.png,1,1,0
incorrect/reloj_199.png,0,0,0
incorrect/reloj_243.jpg,0,0,0
correct/reloj_048.png,1,1,1
correct/reloj_189.jpg,1,1,1
correct/reloj_070.png,0,0,1
incorrect/reloj_256.png,0,0,0
incorrect/reloj_160.png,0,0,0
incorrect/reloj_090.png,0,0,0
correct/reloj_152.jpg,1,0,0
correct/reloj_022.png,0,1,1
incorrect/reloj_181.png,0,0,0
incorrect/reloj_130.png,0,0,0
correct/reloj_049.png,1,1,1
incorrect/reloj_003.png,0,0,0
incorrect/reloj_187.png,0,0,0
incorrect/reloj_086.png,0,0,0
incorrect/reloj_286.png,0,0,0
incorrect/reloj_061.png,0,0,0
correct/reloj_058.png,0,0,1
correct/reloj_178.jpg,1,1,0
correct/reloj_224.png,1,0,1
incorrect/reloj_029.png,0,0,0
incorrect/reloj_013.png,0,0,0
incorrect/reloj_278.png,0,0,0
incorrect/reloj_132.png,0,0,0
incorrect/reloj_120.png,0,0,0
correct/reloj_125.png,0,1,0
correct/reloj_039.png,0,1,1
incorrect/reloj_057.png,0,0,0
incorrect/reloj_168.png,0,0,0
correct/reloj_188.jpg,1,1,1
correct/reloj_038.png,0,1,1
incorrect/reloj_116.png,0,0,0
correct/reloj_216.png,0,1,1
correct/reloj_073.png,0,1,0
incorrect/reloj_309.jpg,0,1,0
incorrect/reloj_066.png,0,0,0
incorrect/reloj_039.png,0,0,0
incorrect/reloj_210.png,0,0,0
correct/reloj_194.jpg,1,1,1
correct/reloj_063.png,0,0,1
incorrect/reloj_078.png,0,0,0
incorrect/reloj_042.png,0,0,0
incorrect/reloj_032.png,0,0,0
incorrect/reloj_025.png,0,0,0
incorrect/reloj_222.png,0,0,0
correct/reloj_047.png,1,1,1
incorrect/reloj_266.png,0,0,0
incorrect/reloj_064.png,0,0,0
incorrect/reloj_148.png,0,0,0
incorrect/reloj_069.png,0,0,0
incorrect/reloj_007.png,0,0,0
incorrect/reloj_186.png,0,0,0
incorrect/reloj_294.png,0,0,0
correct/reloj_079.png,0,1,0
correct/reloj_234.png,0,0,1
correct/reloj_222.png,1,0,1
correct/reloj_003.jpg,1,0,0
incorrect/reloj_115.png,0,0,0
correct/reloj_019.png,0,1,0
incorrect/reloj_234.png,0,0,0
incorrect/reloj_096.png,0,0,0
incorrect/reloj_252.png,0,0,0
correct/reloj_212.png,0,0,1
incorrect/reloj_311.jpg,0,1,0
incorrect/reloj_196_aug0.png,0,0,0
incorrect/reloj_196_aug1.png,0,0,0
incorrect/reloj_196_aug2.png,0,0,0
incorrect/reloj_196_aug3.png,0,0,0
incorrect/reloj_058_aug0.png,0,0,0
incorrect/reloj_058_aug1.png,0,0,0
incorrect/reloj_058_aug2.png,0,0,0
incorrect/reloj_058_aug3.png,0,0,0
incorrect/reloj_153_aug0.png,0,0,0
incorrect/reloj_153_aug1.png,0,0,0
incorrect/reloj_153_aug2.png,0,0,0
incorrect/reloj_153_aug3.png,0,0,0
incorrect/reloj_171_aug0.png,0,0,0
incorrect/reloj_171_aug1.png,0,0,0
incorrect/reloj_171_aug2.png,0,0,0
incorrect/reloj_171_aug3.png,0,0,0
incorrect/reloj_289_aug0.jpg,0,0,0
incorrect/reloj_289_aug1.jpg,0,0,0
incorrect/reloj_289_aug2.jpg,0,0,0
incorrect/reloj_289_aug3.jpg,0,0,0
incorrect/reloj_079_aug0.png,0,0,0
incorrect/reloj_079_aug1.png,0,0,0
incorrect/reloj_079_aug2.png,0,0,0
incorrect/reloj_079_aug3.png,0,0,0
incorrect/reloj_300_aug0.png,0,0,0
incorrect/reloj_300_aug1.png,0,0,0
incorrect/reloj_300_aug2.png,0,0,0
incorrect/reloj_300_aug3.png,0,0,0
incorrect/reloj_230_aug0.png,0,0,0
incorrect/reloj_230_aug1.png,0,0,0
incorrect/reloj_230_aug2.png,0,0,0
incorrect/reloj_230_aug3.png,0,0,0
incorrect/reloj_272_aug0.png,0,0,0
incorrect/reloj_272_aug1.png,0,0,0
incorrect/reloj_272_aug2.png,0,0,0
incorrect/reloj_272_aug3.png,0,0,0
incorrect/reloj_052_aug0.png,0,0,0
incorrect/reloj_052_aug1.png,0,0,0
incorrect/reloj_052_aug2.png,0,0,0
incorrect/reloj_052_aug3.png,0,0,0
incorrect/reloj_077_aug0.png,0,0,0
incorrect/reloj_077_aug1.png,0,0,0
incorrect/reloj_077_aug2.png,0,0,0
incorrect/reloj_077_aug3.png,0,0,0
incorrect/reloj_118_aug0.png,0,0,0
incorrect/reloj_118_aug1.png,0,0,0
incorrect/reloj_118_aug2.png,0,0,0
incorrect/reloj_118_aug3.png,0,0,0
incorrect/reloj_094_aug0.png,0,0,0
incorrect/reloj_094_aug1.png,0,0,0
incorrect/reloj_094_aug2.png,0,0,0
incorrect/reloj_094_aug3.png,0,0,0
incorrect/reloj_031_aug0.png,0,0,0
incorrect/reloj_031_aug1.png,0,0,0
incorrect/reloj_031_aug2.png,0,0,0
incorrect/reloj_031_aug3.png,0,0,0
incorrect/reloj_141_aug0.png,0,0,0
incorrect/reloj_141_aug1.png,0,0,0
incorrect/reloj_141_aug2.png,0,0,0
incorrect/reloj_141_aug3.png,0,0,0
incorrect/reloj_176_aug0.png,0,0,0
incorrect/reloj_176_aug1.png,0,0,0
incorrect/reloj_176_aug2.png,0,0,0
incorrect/reloj_176_aug3.png,0,0,0
incorrect/reloj_046_aug0.png,0,0,0
incorrect/reloj_046_aug1.png,0,0,0
incorrect/reloj_046_aug2.png,0,0,0
incorrect/reloj_046_aug3.png,0,0,0
incorrect/reloj_155_aug0.png,0,0,0
incorrect/reloj_155_aug1.png,0,0,0
incorrect/reloj_155_aug2.png,0,0,0
incorrect/reloj_155_aug3.png,0,0,0
incorrect/reloj_026_aug0.png,0,0,0
incorrect/reloj_026_aug1.png,0,0,0
incorrect/reloj_026_aug2.png,0,0,0
incorrect/reloj_026_aug3.png,0,0,0
incorrect/reloj_156_aug0.png,0,0,0
incorrect/reloj_156_aug1.png,0,0,0
incorrect/reloj_156_aug2.png,0,0,0
incorrect/reloj_156_aug3.png,0,0,0
incorrect/reloj_195_aug0.png,0,0,0
incorrect/reloj_195_aug1.png,0,0,0
incorrect/reloj_195_aug2.png,0,0,0
incorrect/reloj_195_aug3.png,0,0,0
incorrect/reloj_119_aug0.png,0,0,0
incorrect/reloj_119_aug1.png,0,0,0
incorrect/reloj_119_aug2.png,0,0,0
incorrect/reloj_119_aug3.png,0,0,0
incorrect/reloj_283_aug0.jpg,0,0,0
incorrect/reloj_283_aug1.jpg,0,0,0
incorrect/reloj_283_aug2.jpg,0,0,0
incorrect/reloj_283_aug3.jpg,0,0,0
incorrect/reloj_269_aug0.jpg,0,0,0
incorrect/reloj_269_aug1.jpg,0,0,0
incorrect/reloj_269_aug2.jpg,0,0,0
incorrect/reloj_269_aug3.jpg,0,0,0
incorrect/reloj_165_aug0.png,0,0,0
incorrect/reloj_165_aug1.png,0,0,0
incorrect/reloj_165_aug2.png,0,0,0
incorrect/reloj_165_aug3.png,0,0,0
incorrect/reloj_147_aug0.png,0,0,0
incorrect/reloj_147_aug1.png,0,0,0
incorrect/reloj_147_aug2.png,0,0,0
incorrect/reloj_147_aug3.png,0,0,0
incorrect/reloj_109_aug0.png,0,0,0
incorrect/reloj_109_aug1.png,0,0,0
incorrect/reloj_109_aug2.png,0,0,0
incorrect/reloj_109_aug3.png,0,0,0
incorrect/reloj_019_aug0.png,0,0,0
incorrect/reloj_019_aug1.png,0,0,0
incorrect/reloj_019_aug2.png,0,0,0
incorrect/reloj_019_aug3.png,0,0,0
incorrect/reloj_073_aug0.png,0,0,0
incorrect/reloj_073_aug1.png,0,0,0
incorrect/reloj_073_aug2.png,0,0,0
incorrect/reloj_073_aug3.png,0,0,0
incorrect/reloj_261_aug0.jpg,0,0,0
incorrect/reloj_261_aug1.jpg,0,0,0
incorrect/reloj_261_aug2.jpg,0,0,0
incorrect/reloj_261_aug3.jpg,0,0,0
incorrect/reloj_008_aug0.png,0,0,0
incorrect/reloj_008_aug1.png,0,0,0
incorrect/reloj_008_aug2.png,0,0,0
incorrect/reloj_008_aug3.png,0,0,0
incorrect/reloj_016_aug0.png,0,0,0
incorrect/reloj_016_aug1.png,0,0,0
incorrect/reloj_016_aug2.png,0,0,0
incorrect/reloj_016_aug3.png,0,0,0
incorrect/reloj_145_aug0.png,0,0,0
incorrect/reloj_145_aug1.png,0,0,0
incorrect/reloj_145_aug2.png,0,0,0
incorrect/reloj_145_aug3.png,0,0,0
incorrect/reloj_220_aug0.png,0,0,0
incorrect/reloj_220_aug1.png,0,0,0
incorrect/reloj_220_aug2.png,0,0,0
incorrect/reloj_220_aug3.png,0,0,0
incorrect/reloj_097_aug0.png,0,0,0
incorrect/reloj_097_aug1.png,0,0,0
incorrect/reloj_097_aug2.png,0,0,0
incorrect/reloj_097_aug3.png,0,0,0
incorrect/reloj_273_aug0.jpg,0,0,0
incorrect/reloj_273_aug1.jpg,0,0,0
incorrect/reloj_273_aug2.jpg,0,0,0
incorrect/reloj_273_aug3.jpg,0,0,0
incorrect/reloj_233_aug0.png,0,0,0
incorrect/reloj_233_aug1.png,0,0,0
incorrect/reloj_233_aug2.png,0,0,0
incorrect/reloj_233_aug3.png,0,0,0
incorrect/reloj_173_aug0.png,0,0,0
incorrect/reloj_173_aug1.png,0,0,0
incorrect/reloj_173_aug2.png,0,0,0
incorrect/reloj_173_aug3.png,0,0,0
incorrect/reloj_060_aug0.png,0,0,0
incorrect/reloj_060_aug1.png,0,0,0
incorrect/reloj_060_aug2.png,0,0,0
incorrect/reloj_060_aug3.png,0,0,0
incorrect/reloj_223_aug0.png,0,0,0
incorrect/reloj_223_aug1.png,0,0,0
incorrect/reloj_223_aug2.png,0,0,0
incorrect/reloj_223_aug3.png,0,0,0
incorrect/reloj_070_aug0.png,0,0,0
incorrect/reloj_070_aug1.png,0,0,0
incorrect/reloj_070_aug2.png,0,0,0
incorrect/reloj_070_aug3.png,0,0,0
incorrect/reloj_143_aug0.png,0,0,0
incorrect/reloj_143_aug1.png,0,0,0
incorrect/reloj_143_aug2.png,0,0,0
incorrect/reloj_143_aug3.png,0,0,0
incorrect/reloj_174_aug0.png,0,0,0
incorrect/reloj_174_aug1.png,0,0,0
incorrect/reloj_174_aug2.png,0,0,0
incorrect/reloj_174_aug3.png,0,0,0
incorrect/reloj_255_aug0.jpg,0,0,0
incorrect/reloj_255_aug1.jpg,0,0,0
incorrect/reloj_255_aug2.jpg,0,0,0
incorrect/reloj_255_aug3.jpg,0,0,0
incorrect/reloj_133_aug0.png,0,0,0
incorrect/reloj_133_aug1.png,0,0,0
incorrect/reloj_133_aug2.png,0,0,0
incorrect/reloj_133_aug3.png,0,0,0
incorrect/reloj_226_aug0.png,0,0,0
incorrect/reloj_226_aug1.png,0,0,0
incorrect/reloj_226_aug2.png,0,0,0
incorrect/reloj_226_aug3.png,0,0,0
incorrect/reloj_030_aug0.png,0,0,0
incorrect/reloj_030_aug1.png,0,0,0
incorrect/reloj_030_aug2.png,0,0,0
incorrect/reloj_030_aug3.png,0,0,0
incorrect/reloj_227_aug0.png,0,0,0
incorrect/reloj_227_aug1.png,0,0,0
incorrect/reloj_227_aug2.png,0,0,0
incorrect/reloj_227_aug3.png,0,0,0
incorrect/reloj_067_aug0.png,0,0,0
incorrect/reloj_067_aug1.png,0,0,0
incorrect/reloj_067_aug2.png,0,0,0
incorrect/reloj_067_aug3.png,0,0,0
incorrect/reloj_126_aug0.png,0,0,0
incorrect/reloj_126_aug1.png,0,0,0
incorrect/reloj_126_aug2.png,0,0,0
incorrect/reloj_126_aug3.png,0,0,0
incorrect/reloj_166_aug0.png,0,0,0
incorrect/reloj_166_aug1.png,0,0,0
incorrect/reloj_166_aug2.png,0,0,0
incorrect/reloj_166_aug3.png,0,0,0
incorrect/reloj_068_aug0.png,0,0,0
incorrect/reloj_068_aug1.png,0,0,0
incorrect/reloj_068_aug2.png,0,0,0
incorrect/reloj_068_aug3.png,0,0,0
incorrect/reloj_284_aug0.png,0,0,0
incorrect/reloj_284_aug1.png,0,0,0
incorrect/reloj_284_aug2.png,0,0,0
incorrect/reloj_284_aug3.png,0,0,0
incorrect/reloj_020_aug0.png,0,0,0
incorrect/reloj_020_aug1.png,0,0,0
incorrect/reloj_020_aug2.png,0,0,0
incorrect/reloj_020_aug3.png,0,0,0
incorrect/reloj_250_aug0.png,0,0,0
incorrect/reloj_250_aug1.png,0,0,0
incorrect/reloj_250_aug2.png,0,0,0
incorrect/reloj_250_aug3.png,0,0,0
incorrect/reloj_259_aug0.jpg,0,0,0
incorrect/reloj_259_aug1.jpg,0,0,0
incorrect/reloj_259_aug2.jpg,0,0,0
incorrect/reloj_259_aug3.jpg,0,0,0
incorrect/reloj_056_aug0.png,0,0,0
incorrect/reloj_056_aug1.png,0,0,0
incorrect/reloj_056_aug2.png,0,0,0
incorrect/reloj_056_aug3.png,0,0,0
incorrect/reloj_205_aug0.png,0,0,0
incorrect/reloj_205_aug1.png,0,0,0
incorrect/reloj_205_aug2.png,0,0,0
incorrect/reloj_205_aug3.png,0,0,0
incorrect/reloj_257_aug0.jpg,0,0,0
incorrect/reloj_257_aug1.jpg,0,0,0
incorrect/reloj_257_aug2.jpg,0,0,0
incorrect/reloj_257_aug3.jpg,0,0,0
incorrect/reloj_113_aug0.png,0,0,0
incorrect/reloj_113_aug1.png,0,0,0
incorrect/reloj_113_aug2.png,0,0,0
incorrect/reloj_113_aug3.png,0,0,0
incorrect/reloj_140_aug0.png,0,0,0
incorrect/reloj_140_aug1.png,0,0,0
incorrect/reloj_140_aug2.png,0,0,0
incorrect/reloj_140_aug3.png,0,0,0
incorrect/reloj_245_aug0.jpg,0,0,0
incorrect/reloj_245_aug1.jpg,0,0,0
incorrect/reloj_245_aug2.jpg,0,0,0
incorrect/reloj_245_aug3.jpg,0,0,0
incorrect/reloj_091_aug0.png,0,0,0
incorrect/reloj_091_aug1.png,0,0,0
incorrect/reloj_091_aug2.png,0,0,0
incorrect/reloj_091_aug3.png,0,0,0
incorrect/reloj_127_aug0.png,0,0,0
incorrect/reloj_127_aug1.png,0,0,0
incorrect/reloj_127_aug2.png,0,0,0
incorrect/reloj_127_aug3.png,0,0,0
incorrect/reloj_248_aug0.png,0,0,0
incorrect/reloj_248_aug1.png,0,0,0
incorrect/reloj_248_aug2.png,0,0,0
incorrect/reloj_248_aug3.png,0,0,0
incorrect/reloj_180_aug0.png,0,0,0
incorrect/reloj_180_aug1.png,0,0,0
incorrect/reloj_180_aug2.png,0,0,0
incorrect/reloj_180_aug3.png,0,0,0
incorrect/reloj_235_aug0.png,0,0,0
incorrect/reloj_235_aug1.png,0,0,0
incorrect/reloj_235_aug2.png,0,0,0
incorrect/reloj_235_aug3.png,0,0,0
incorrect/reloj_238_aug0.png,0,0,0
incorrect/reloj_238_aug1.png,0,0,0
incorrect/reloj_238_aug2.png,0,0,0
incorrect/reloj_238_aug3.png,0,0,0
incorrect/reloj_260_aug0.png,0,0,0
incorrect/reloj_260_aug1.png,0,0,0
incorrect/reloj_260_aug2.png,0,0,0
incorrect/reloj_260_aug3.png,0,0,0
incorrect/reloj_159_aug0.png,0,0,0
incorrect/reloj_159_aug1.png,0,0,0
incorrect/reloj_159_aug2.png,0,0,0
incorrect/reloj_159_aug3.png,0,0,0
incorrect/reloj_179_aug0.png,0,0,0
incorrect/reloj_179_aug1.png,0,0,0
incorrect/reloj_179_aug2.png,0,0,0
incorrect/reloj_179_aug3.png,0,0,0
incorrect/reloj_023_aug0.png,0,0,0
incorrect/reloj_023_aug1.png,0,0,0
incorrect/reloj_023_aug2.png,0,0,0
incorrect/reloj_023_aug3.png,0,0,0
incorrect/reloj_036_aug0.png,0,0,0
incorrect/reloj_036_aug1.png,0,0,0
incorrect/reloj_036_aug2.png,0,0,0
incorrect/reloj_036_aug3.png,0,0,0
incorrect/reloj_043_aug0.png,0,0,0
incorrect/reloj_043_aug1.png,0,0,0
incorrect/reloj_043_aug2.png,0,0,0
incorrect/reloj_043_aug3.png,0,0,0
incorrect/reloj_288_aug0.png,0,0,0
incorrect/reloj_288_aug1.png,0,0,0
incorrect/reloj_288_aug2.png,0,0,0
incorrect/reloj_288_aug3.png,0,0,0
incorrect/reloj_308_aug0.png,0,0,0
incorrect/reloj_308_aug1.png,0,0,0
incorrect/reloj_308_aug2.png,0,0,0
incorrect/reloj_308_aug3.png,0,0,0
incorrect/reloj_204_aug0.png,0,0,0
incorrect/reloj_204_aug1.png,0,0,0
incorrect/reloj_204_aug2.png,0,0,0
incorrect/reloj_204_aug3.png,0,0,0
incorrect/reloj_224_aug0.png,0,0,0
incorrect/reloj_224_aug1.png,0,0,0
incorrect/reloj_224_aug2.png,0,0,0
incorrect/reloj_224_aug3.png,0,0,0
incorrect/reloj_182_aug0.png,0,0,0
incorrect/reloj_182_aug1.png,0,0,0
incorrect/reloj_182_aug2.png,0,0,0
incorrect/reloj_182_aug3.png,0,0,0
incorrect/reloj_241_aug0.png,0,0,0
incorrect/reloj_241_aug1.png,0,0,0
incorrect/reloj_241_aug2.png,0,0,0
incorrect/reloj_241_aug3.png,0,0,0
incorrect/reloj_177_aug0.png,0,0,0
incorrect/reloj_177_aug1.png,0,0,0
incorrect/reloj_177_aug2.png,0,0,0
incorrect/reloj_177_aug3.png,0,0,0
incorrect/reloj_085_aug0.png,0,0,0
incorrect/reloj_085_aug1.png,0,0,0
incorrect/reloj_085_aug2.png,0,0,0
incorrect/reloj_085_aug3.png,0,0,0
incorrect/reloj_249_aug0.jpg,0,0,0
incorrect/reloj_249_aug1.jpg,0,0,0
incorrect/reloj_249_aug2.jpg,0,0,0
incorrect/reloj_249_aug3.jpg,0,0,0
incorrect/reloj_011_aug0.png,0,0,0
incorrect/reloj_011_aug1.png,0,0,0
incorrect/reloj_011_aug2.png,0,0,0
incorrect/reloj_011_aug3.png,0,0,0
incorrect/reloj_010_aug0.png,0,0,0
incorrect/reloj_010_aug1.png,0,0,0
incorrect/reloj_010_aug2.png,0,0,0
incorrect/reloj_010_aug3.png,0,0,0
incorrect/reloj_193_aug0.png,0,0,0
incorrect/reloj_193_aug1.png,0,0,0
incorrect/reloj_193_aug2.png,0,0,0
incorrect/reloj_193_aug3.png,0,0,0
incorrect/reloj_292_aug0.png,0,0,0
incorrect/reloj_292_aug1.png,0,0,0
incorrect/reloj_292_aug2.png,0,0,0
incorrect/reloj_292_aug3.png,0,0,0
incorrect/reloj_290_aug0.png,0,0,0
incorrect/reloj_290_aug1.png,0,0,0
incorrect/reloj_290_aug2.png,0,0,0
incorrect/reloj_290_aug3.png,0,0,0
incorrect/reloj_098_aug0.png,0,0,0
incorrect/reloj_098_aug1.png,0,0,0
incorrect/reloj_098_aug2.png,0,0,0
incorrect/reloj_098_aug3.png,0,0,0
incorrect/reloj_004_aug0.png,0,0,0
incorrect/reloj_004_aug1.png,0,0,0
incorrect/reloj_004_aug2.png,0,0,0
incorrect/reloj_004_aug3.png,0,0,0
incorrect/reloj_316_aug0.png,0,0,0
incorrect/reloj_316_aug1.png,0,0,0
incorrect/reloj_316_aug2.png,0,0,0
incorrect/reloj_316_aug3.png,0,0,0
incorrect/reloj_169_aug0.png,0,0,0
incorrect/reloj_169_aug1.png,0,0,0
incorrect/reloj_169_aug2.png,0,0,0
incorrect/reloj_169_aug3.png,0,0,0
incorrect/reloj_214_aug0.png,0,0,0
incorrect/reloj_214_aug1.png,0,0,0
incorrect/reloj_214_aug2.png,0,0,0
incorrect/reloj_214_aug3.png,0,0,0
incorrect/reloj_225_aug0.png,0,0,0
incorrect/reloj_225_aug1.png,0,0,0
incorrect/reloj_225_aug2.png,0,0,0
incorrect/reloj_225_aug3.png,0,0,0
incorrect/reloj_114_aug0.png,0,0,0
incorrect/reloj_114_aug1.png,0,0,0
incorrect/reloj_114_aug2.png,0,0,0
incorrect/reloj_114_aug3.png,0,0,0
incorrect/reloj_006_aug0.png,0,0,0
incorrect/reloj_006_aug1.png,0,0,0
incorrect/reloj_006_aug2.png,0,0,0
incorrect/reloj_006_aug3.png,0,0,0
incorrect/reloj_076_aug0.png,0,0,0
incorrect/reloj_076_aug1.png,0,0,0
incorrect/reloj_076_aug2.png,0,0,0
incorrect/reloj_076_aug3.png,0,0,0
incorrect/reloj_212_aug0.png,0,0,0
incorrect/reloj_212_aug1.png,0,0,0
incorrect/reloj_212_aug2.png,0,0,0
incorrect/reloj_212_aug3.png,0,0,0
incorrect/reloj_087_aug0.png,0,0,0
incorrect/reloj_087_aug1.png,0,0,0
incorrect/reloj_087_aug2.png,0,0,0
incorrect/reloj_087_aug3.png,0,0,0
incorrect/reloj_110_aug0.png,0,0,0
incorrect/reloj_110_aug1.png,0,0,0
incorrect/reloj_110_aug2.png,0,0,0
incorrect/reloj_110_aug3.png,0,0,0
incorrect/reloj_239_aug0.png,0,0,0
incorrect/reloj_239_aug1.png,0,0,0
incorrect/reloj_239_aug2.png,0,0,0
incorrect/reloj_239_aug3.png,0,0,0
incorrect/reloj_034_aug0.png,0,0,0
incorrect/reloj_034_aug1.png,0,0,0
incorrect/reloj_034_aug2.png,0,0,0
incorrect/reloj_034_aug3.png,0,0,0
incorrect/reloj_075_aug0.png,0,0,0
incorrect/reloj_075_aug1.png,0,0,0
incorrect/reloj_075_aug2.png,0,0,0
incorrect/reloj_075_aug3.png,0,0,0
incorrect/reloj_314_aug0.png,0,0,0
incorrect/reloj_314_aug1.png,0,0,0
incorrect/reloj_314_aug2.png,0,0,0
incorrect/reloj_314_aug3.png,0,0,0
incorrect/reloj_221_aug0.png,0,0,0
incorrect/reloj_221_aug1.png,0,0,0
incorrect/reloj_221_aug2.png,0,0,0
incorrect/reloj_221_aug3.png,0,0,0
incorrect/reloj_018_aug0.png,0,0,0
incorrect/reloj_018_aug1.png,0,0,0
incorrect/reloj_018_aug2.png,0,0,0
incorrect/reloj_018_aug3.png,0,0,0
incorrect/reloj_194_aug0.png,0,0,0
incorrect/reloj_194_aug1.png,0,0,0
incorrect/reloj_194_aug2.png,0,0,0
incorrect/reloj_194_aug3.png,0,0,0
incorrect/reloj_108_aug0.png,0,0,0
incorrect/reloj_108_aug1.png,0,0,0
incorrect/reloj_108_aug2.png,0,0,0
incorrect/reloj_108_aug3.png,0,0,0
incorrect/reloj_198_aug0.png,0,0,0
incorrect/reloj_198_aug1.png,0,0,0
incorrect/reloj_198_aug2.png,0,0,0
incorrect/reloj_198_aug3.png,0,0,0
incorrect/reloj_084_aug0.png,0,0,0
incorrect/reloj_084_aug1.png,0,0,0
incorrect/reloj_084_aug2.png,0,0,0
incorrect/reloj_084_aug3.png,0,0,0
incorrect/reloj_093_aug0.png,0,0,0
incorrect/reloj_093_aug1.png,0,0,0
incorrect/reloj_093_aug2.png,0,0,0
incorrect/reloj_093_aug3.png,0,0,0
incorrect/reloj_038_aug0.png,0,0,0
incorrect/reloj_038_aug1.png,0,0,0
incorrect/reloj_038_aug2.png,0,0,0
incorrect/reloj_038_aug3.png,0,0,0
incorrect/reloj_074_aug0.png,0,0,0
incorrect/reloj_074_aug1.png,0,0,0
incorrect/reloj_074_aug2.png,0,0,0
incorrect/reloj_074_aug3.png,0,0,0
incorrect/reloj_232_aug0.png,0,0,0
incorrect/reloj_232_aug1.png,0,0,0
incorrect/reloj_232_aug2.png,0,0,0
incorrect/reloj_232_aug3.png,0,0,0
incorrect/reloj_197_aug0.png,0,0,0
incorrect/reloj_197_aug1.png,0,0,0
incorrect/reloj_197_aug2.png,0,0,0
incorrect/reloj_197_aug3.png,0,0,0
incorrect/reloj_080_aug0.png,0,0,0
incorrect/reloj_080_aug1.png,0,0,0
incorrect/reloj_080_aug2.png,0,0,0
incorrect/reloj_080_aug3.png,0,0,0
incorrect/reloj_125_aug0.png,0,0,0
incorrect/reloj_125_aug1.png,0,0,0
incorrect/reloj_125_aug2.png,0,0,0
incorrect/reloj_125_aug3.png,0,0,0
incorrect/reloj_158_aug0.png,0,0,0
incorrect/reloj_158_aug1.png,0,0,0
incorrect/reloj_158_aug2.png,0,0,0
incorrect/reloj_158_aug3.png,0,0,0
incorrect/reloj_254_aug0.png,0,0,0
incorrect/reloj_254_aug1.png,0,0,0
incorrect/reloj_254_aug2.png,0,0,0
incorrect/reloj_254_aug3.png,0,0,0
incorrect/reloj_128_aug0.png,0,0,0
incorrect/reloj_128_aug1.png,0,0,0
incorrect/reloj_128_aug2.png,0,0,0
incorrect/reloj_128_aug3.png,0,0,0
incorrect/reloj_017_aug0.png,0,0,0
incorrect/reloj_017_aug1.png,0,0,0
incorrect/reloj_017_aug2.png,0,0,0
incorrect/reloj_017_aug3.png,0,0,0
incorrect/reloj_047_aug0.png,0,0,0
incorrect/reloj_047_aug1.png,0,0,0
incorrect/reloj_047_aug2.png,0,0,0
incorrect/reloj_047_aug3.png,0,0,0
incorrect/reloj_102_aug0.png,0,0,0
incorrect/reloj_102_aug1.png,0,0,0
incorrect/reloj_102_aug2.png,0,0,0
incorrect/reloj_102_aug3.png,0,0,0
incorrect/reloj_112_aug0.png,0,0,0
incorrect/reloj_112_aug1.png,0,0,0
incorrect/reloj_112_aug2.png,0,0,0
incorrect/reloj_112_aug3.png,0,0,0
incorrect/reloj_083_aug0.png,0,0,0
incorrect/reloj_083_aug1.png,0,0,0
incorrect/reloj_083_aug2.png,0,0,0
incorrect/reloj_083_aug3.png,0,0,0
incorrect/reloj_164_aug0.png,0,0,0
incorrect/reloj_164_aug1.png,0,0,0
incorrect/reloj_164_aug2.png,0,0,0
incorrect/reloj_164_aug3.png,0,0,0
incorrect/reloj_184_aug0.png,0,0,0
incorrect/reloj_184_aug1.png,0,0,0
incorrect/reloj_184_aug2.png,0,0,0
incorrect/reloj_184_aug3.png,0,0,0
incorrect/reloj_178_aug0.png,0,0,0
incorrect/reloj_178_aug1.png,0,0,0
incorrect/reloj_178_aug2.png,0,0,0
incorrect/reloj_178_aug3.png,0,0,0
incorrect/reloj_302_aug0.png,0,0,0
incorrect/reloj_302_aug1.png,0,0,0
incorrect/reloj_302_aug2.png,0,0,0
incorrect/reloj_302_aug3.png,0,0,0
incorrect/reloj_144_aug0.png,0,0,0
incorrect/reloj_144_aug1.png,0,0,0
incorrect/reloj_144_aug2.png,0,0,0
incorrect/reloj_144_aug3.png,0,0,0
incorrect/reloj_149_aug0.png,0,0,0
incorrect/reloj_149_aug1.png,0,0,0
incorrect/reloj_149_aug2.png,0,0,0
incorrect/reloj_149_aug3.png,0,0,0
incorrect/reloj_207_aug0.png,0,0,0
incorrect/reloj_207_aug1.png,0,0,0
incorrect/reloj_207_aug2.png,0,0,0
incorrect/reloj_207_aug3.png,0,0,0
incorrect/reloj_296_aug0.png,0,0,0
incorrect/reloj_296_aug1.png,0,0,0
incorrect/reloj_296_aug2.png,0,0,0
incorrect/reloj_296_aug3.png,0,0,0
incorrect/reloj_276_aug0.png,0,0,0
incorrect/reloj_276_aug1.png,0,0,0
incorrect/reloj_276_aug2.png,0,0,0
incorrect/reloj_276_aug3.png,0,0,0
incorrect/reloj_121_aug0.png,0,0,0
incorrect/reloj_121_aug1.png,0,0,0
incorrect/reloj_121_aug2.png,0,0,0
incorrect/reloj_121_aug3.png,0,0,0
incorrect/reloj_285_aug0.jpg,0,0,0
incorrect/reloj_285_aug1.jpg,0,0,0
incorrect/reloj_285_aug2.jpg,0,0,0
incorrect/reloj_285_aug3.jpg,0,0,0
incorrect/reloj_231_aug0.png,0,0,0
incorrect/reloj_231_aug1.png,0,0,0
incorrect/reloj_231_aug2.png,0,0,0
incorrect/reloj_231_aug3.png,0,0,0
incorrect/reloj_134_aug0.png,0,0,0
incorrect/reloj_134_aug1.png,0,0,0
incorrect/reloj_134_aug2.png,0,0,0
incorrect/reloj_134_aug3.png,0,0,0
incorrect/reloj_117_aug0.png,0,0,0
incorrect/reloj_117_aug1.png,0,0,0
incorrect/reloj_117_aug2.png,0,0,0
incorrect/reloj_117_aug3.png,0,0,0
incorrect/reloj_203_aug0.png,0,0,0
incorrect/reloj_203_aug1.png,0,0,0
incorrect/reloj_203_aug2.png,0,0,0
incorrect/reloj_203_aug3.png,0,0,0
incorrect/reloj_138_aug0.png,0,0,0
incorrect/reloj_138_aug1.png,0,0,0
incorrect/reloj_138_aug2.png,0,0,0
incorrect/reloj_138_aug3.png,0,0,0
incorrect/reloj_183_aug0.png,0,0,0
incorrect/reloj_183_aug1.png,0,0,0
incorrect/reloj_183_aug2.png,0,0,0
incorrect/reloj_183_aug3.png,0,0,0
incorrect/reloj_185_aug0.png,0,0,0
incorrect/reloj_185_aug1.png,0,0,0
incorrect/reloj_185_aug2.png,0,0,0
incorrect/reloj_185_aug3.png,0,0,0
incorrect/reloj_105_aug0.png,0,0,0
incorrect/reloj_105_aug1.png,0,0,0
incorrect/reloj_105_aug2.png,0,0,0
incorrect/reloj_105_aug3.png,0,0,0
incorrect/reloj_199_aug0.png,0,0,0
incorrect/reloj_199_aug1.png,0,0,0
incorrect/reloj_199_aug2.png,0,0,0
incorrect/reloj_199_aug3.png,0,0,0
incorrect/reloj_243_aug0.jpg,0,0,0
incorrect/reloj_243_aug1.jpg,0,0,0
incorrect/reloj_243_aug2.jpg,0,0,0
incorrect/reloj_243_aug3.jpg,0,0,0
incorrect/reloj_256_aug0.png,0,0,0
incorrect/reloj_256_aug1.png,0,0,0
incorrect/reloj_256_aug2.png,0,0,0
incorrect/reloj_256_aug3.png,0,0,0
incorrect/reloj_160_aug0.png,0,0,0
incorrect/reloj_160_aug1.png,0,0,0
incorrect/reloj_160_aug2.png,0,0,0
incorrect/reloj_160_aug3.png,0,0,0
incorrect/reloj_090_aug0.png,0,0,0
incorrect/reloj_090_aug1.png,0,0,0
incorrect/reloj_090_aug2.png,0,0,0
incorrect/reloj_090_aug3.png,0,0,0
incorrect/reloj_181_aug0.png,0,0,0
incorrect/reloj_181_aug1.png,0,0,0
incorrect/reloj_181_aug2.png,0,0,0
incorrect/reloj_181_aug3.png,0,0,0
incorrect/reloj_130_aug0.png,0,0,0
incorrect/reloj_130_aug1.png,0,0,0
incorrect/reloj_130_aug2.png,0,0,0
incorrect/reloj_130_aug3.png,0,0,0
incorrect/reloj_003_aug0.png,0,0,0
incorrect/reloj_003_aug1.png,0,0,0
incorrect/reloj_003_aug2.png,0,0,0
incorrect/reloj_003_aug3.png,0,0,0
incorrect/reloj_187_aug0.png,0,0,0
incorrect/reloj_187_aug1.png,0,0,0
incorrect/reloj_187_aug2.png,0,0,0
incorrect/reloj_187_aug3.png,0,0,0
incorrect/reloj_086_aug0.png,0,0,0
incorrect/reloj_086_aug1.png,0,0,0
incorrect/reloj_086_aug2.png,0,0,0
incorrect/reloj_086_aug3.png,0,0,0
incorrect/reloj_286_aug0.png,0,0,0
incorrect/reloj_286_aug1.png,0,0,0
incorrect/reloj_286_aug2.png,0,0,0
incorrect/reloj_286_aug3.png,0,0,0
incorrect/reloj_061_aug0.png,0,0,0
incorrect/reloj_061_aug1.png,0,0,0
incorrect/reloj_061_aug2.png,0,0,0
incorrect/reloj_061_aug3.png,0,0,0
incorrect/reloj_029_aug0.png,0,0,0
incorrect/reloj_029_aug1.png,0,0,0
incorrect/reloj_029_aug2.png,0,0,0
incorrect/reloj_029_aug3.png,0,0,0
incorrect/reloj_013_aug0.png,0,0,0
incorrect/reloj_013_aug1.png,0,0,0
incorrect/reloj_013_aug2.png,0,0,0
incorrect/reloj_013_aug3.png,0,0,0
incorrect/reloj_278_aug0.png,0,0,0
incorrect/reloj_278_aug1.png,0,0,0
incorrect/reloj_278_aug2.png,0,0,0
incorrect/reloj_278_aug3.png,0,0,0
incorrect/reloj_132_aug0.png,0,0,0
incorrect/reloj_132_aug1.png,0,0,0
incorrect/reloj_132_aug2.png,0,0,0
incorrect/reloj_132_aug3.png,0,0,0
incorrect/reloj_120_aug0.png,0,0,0
incorrect/reloj_120_aug1.png,0,0,0
incorrect/reloj_120_aug2.png,0,0,0
incorrect/reloj_120_aug3.png,0,0,0
incorrect/reloj_057_aug0.png,0,0,0
incorrect/reloj_057_aug1.png,0,0,0
incorrect/reloj_057_aug2.png,0,0,0
incorrect/reloj_057_aug3.png,0,0,0
incorrect/reloj_168_aug0.png,0,0,0
incorrect/reloj_168_aug1.png,0,0,0
incorrect/reloj_168_aug2.png,0,0,0
incorrect/reloj_168_aug3.png,0,0,0
incorrect/reloj_116_aug0.png,0,0,0
incorrect/reloj_116_aug1.png,0,0,0
incorrect/reloj_116_aug2.png,0,0,0
incorrect/reloj_116_aug3.png,0,0,0
incorrect/reloj_066_aug0.png,0,0,0
incorrect/reloj_066_aug1.png,0,0,0
incorrect/reloj_066_aug2.png,0,0,0
incorrect/reloj_066_aug3.png,0,0,0
incorrect/reloj_039_aug0.png,0,0,0
incorrect/reloj_039_aug1.png,0,0,0
incorrect/reloj_039_aug2.png,0,0,0
incorrect/reloj_039_aug3.png,0,0,0
incorrect/reloj_210_aug0.png,0,0,0
incorrect/reloj_210_aug1.png,0,0,0
incorrect/reloj_210_aug2.png,0,0,0
incorrect/reloj_210_aug3.png,0,0,0
incorrect/reloj_078_aug0.png,0,0,0
incorrect/reloj_078_aug1.png,0,0,0
incorrect/reloj_078_aug2.png,0,0,0
incorrect/reloj_078_aug3.png,0,0,0
incorrect/reloj_042_aug0.png,0,0,0
incorrect/reloj_042_aug1.png,0,0,0
incorrect/reloj_042_aug2.png,0,0,0
incorrect/reloj_042_aug3.png,0,0,0
incorrect/reloj_032_aug0.png,0,0,0
incorrect/reloj_032_aug1.png,0,0,0
incorrect/reloj_032_aug2.png,0,0,0
incorrect/reloj_032_aug3.png,0,0,0
incorrect/reloj_025_aug0.png,0,0,0
incorrect/reloj_025_aug1.png,0,0,0
incorrect/reloj_025_aug2.png,0,0,0
incorrect/reloj_025_aug3.png,0,0,0
incorrect/reloj_222_aug0.png,0,0,0
incorrect/reloj_222_aug1.png,0,0,0
incorrect/reloj_222_aug2.png,0,0,0
incorrect/reloj_222_aug3.png,0,0,0
incorrect/reloj_266_aug0.png,0,0,0
incorrect/reloj_266_aug1.png,0,0,0
incorrect/reloj_266_aug2.png,0,0,0
incorrect/reloj_266_aug3.png,0,0,0
incorrect/reloj_064_aug0.png,0,0,0
incorrect/reloj_064_aug1.png,0,0,0
incorrect/reloj_064_aug2.png,0,0,0
incorrect/reloj_064_aug3.png,0,0,0
incorrect/reloj_148_aug0.png,0,0,0
incorrect/reloj_148_aug1.png,0,0,0
incorrect/reloj_148_aug2.png,0,0,0
incorrect/reloj_148_aug3.png,0,0,0
incorrect/reloj_069_aug0.png,0,0,0
incorrect/reloj_069_aug1.png,0,0,0
incorrect/reloj_069_aug2.png,0,0,0
incorrect/reloj_069_aug3.png,0,0,0
incorrect/reloj_007_aug0.png,0,0,0
incorrect/reloj_007_aug1.png,0,0,0
incorrect/reloj_007_aug2.png,0,0,0
incorrect/reloj_007_aug3.png,0,0,0
incorrect/reloj_186_aug0.png,0,0,0
incorrect/reloj_186_aug1.png,0,0,0
incorrect/reloj_186_aug2.png,0,0,0
incorrect/reloj_186_aug3.png,0,0,0
incorrect/reloj_294_aug0.png,0,0,0
incorrect/reloj_294_aug1.png,0,0,0
incorrect/reloj_294_aug2.png,0,0,0
incorrect/reloj_294_aug3.png,0,0,0
incorrect/reloj_115_aug0.png,0,0,0
incorrect/reloj_115_aug1.png,0,0,0
incorrect/reloj_115_aug2.png,0,0,0
incorrect/reloj_115_aug3.png,0,0,0
incorrect/reloj_234_aug0.png,0,0,0
incorrect/reloj_234_aug1.png,0,0,0
incorrect/reloj_234_aug2.png,0,0,0
incorrect/reloj_234_aug3.png,0,0,0
incorrect/reloj_096_aug0.png,0,0,0
incorrect/reloj_096_aug1.png,0,0,0
incorrect/reloj_096_aug2.png,0,0,0
incorrect/reloj_096_aug3.png,0,0,0
incorrect/reloj_252_aug0.png,0,0,0
incorrect/reloj_252_aug1.png,0,0,0
incorrect/reloj_252_aug2.png,0,0,0
incorrect/reloj_252_aug3.png,0,0,0
correct/reloj_012_aug0.png,0,0,1
correct/reloj_012_aug1.png,0,0,1
correct/reloj_012_aug2.png,0,0,1
correct/reloj_012_aug3.png,0,0,1
correct/reloj_012_aug4.png,0,0,1
correct/reloj_012_aug5.png,0,0,1
correct/reloj_012_aug6.png,0,0,1
correct/reloj_012_aug7.png,0,0,1
correct/reloj_012_aug8.png,0,0,1
correct/reloj_012_aug9.png,0,0,1
correct/reloj_012_aug10.png,0,0,1
correct/reloj_012_aug11.png,0,0,1
correct/reloj_012_aug12.png,0,0,1
correct/reloj_012_aug13.png,0,0,1
correct/reloj_012_aug14.png,0,0,1
correct/reloj_012_aug15.png,0,0,1
correct/reloj_012_aug16.png,0,0,1
correct/reloj_012_aug17.png,0,0,1
correct/reloj_012_aug18.png,0,0,1
correct/reloj_012_aug19.png,0,0,1
correct/reloj_012_aug20.png,0,0,1
correct/reloj_012_aug21.png,0,0,1
correct/reloj_012_aug22.png,0,0,1
correct/reloj_012_aug23.png,0,0,1
correct/reloj_012_aug24.png,0,0,1
correct/reloj_012_aug25.png,0,0,1
correct/reloj_012_aug26.png,0,0,1
correct/reloj_012_aug27.png,0,0,1
correct/reloj_012_aug28.png,0,0,1
correct/reloj_012_aug29.png,0,0,1
correct/reloj_012_aug30.png,0,0,1
correct/reloj_012_aug31.png,0,0,1
correct/reloj_117_aug0.png,0,0,1
correct/reloj_117_aug1.png,0,0,1
correct/reloj_117_aug2.png,0,0,1
correct/reloj_117_aug3.png,0,0,1
correct/reloj_117_aug4.png,0,0,1
correct/reloj_117_aug5.png,0,0,1
correct/reloj_117_aug6.png,0,0,1
correct/reloj_117_aug7.png,0,0,1
correct/reloj_117_aug8.png,0,0,1
correct/reloj_117_aug9.png,0,0,1
correct/reloj_117_aug10.png,0,0,1
correct/reloj_117_aug11.png,0,0,1
correct/reloj_117_aug12.png,0,0,1
correct/reloj_117_aug13.png,0,0,1
correct/reloj_117_aug14.png,0,0,1
correct/reloj_117_aug15.png,0,0,1
correct/reloj_117_aug16.png,0,0,1
correct/reloj_117_aug17.png,0,0,1
correct/reloj_117_aug18.png,0,0,1
correct/reloj_117_aug19.png,0,0,1
correct/reloj_117_aug20.png,0,0,1
correct/reloj_117_aug21.png,0,0,1
correct/reloj_117_aug22.png,0,0,1
correct/reloj_117_aug23.png,0,0,1
correct/reloj_117_aug24.png,0,0,1
correct/reloj_117_aug25.png,0,0,1
correct/reloj_117_aug26.png,0,0,1
correct/reloj_117_aug27.png,0,0,1
correct/reloj_117_aug28.png,0,0,1
correct/reloj_117_aug29.png,0,0,1
correct/reloj_117_aug30.png,0,0,1
correct/reloj_117_aug31.png,0,0,1
correct/reloj_110_aug0.png,0,0,1
correct/reloj_110_aug1.png,0,0,1
correct/reloj_110_aug2.png,0,0,1
correct/reloj_110_aug3.png,0,0,1
correct/reloj_110_aug4.png,0,0,1
correct/reloj_110_aug5.png,0,0,1
correct/reloj_110_aug6.png,0,0,1
correct/reloj_110_aug7.png,0,0,1
correct/reloj_110_aug8.png,0,0,1
correct/reloj_110_aug9.png,0,0,1
correct/reloj_110_aug10.png,0,0,1
correct/reloj_110_aug11.png,0,0,1
correct/reloj_110_aug12.png,0,0,1
correct/reloj_110_aug13.png,0,0,1
correct/reloj_110_aug14.png,0,0,1
correct/reloj_110_aug15.png,0,0,1
correct/reloj_110_aug16.png,0,0,1
correct/reloj_110_aug17.png,0,0,1
correct/reloj_110_aug18.png,0,0,1
correct/reloj_110_aug19.png,0,0,1
correct/reloj_110_aug20.png,0,0,1
correct/reloj_110_aug21.png,0,0,1
correct/reloj_110_aug22.png,0,0,1
correct/reloj_110_aug23.png,0,0,1
correct/reloj_110_aug24.png,0,0,1
correct/reloj_110_aug25.png,0,0,1
correct/reloj_110_aug26.png,0,0,1
correct/reloj_110_aug27.png,0,0,1
correct/reloj_110_aug28.png,0,0,1
correct/reloj_110_aug29.png,0,0,1
correct/reloj_110_aug30.png,0,0,1
correct/reloj_110_aug31.png,0,0,1
correct/reloj_123_aug0.png,0,0,1
correct/reloj_123_aug1.png,0,0,1
correct/reloj_123_aug2.png,0,0,1
correct/reloj_123_aug3.png,0,0,1
correct/reloj_123_aug4.png,0,0,1
correct/reloj_123_aug5.png,0,0,1
correct/reloj_123_aug6.png,0,0,1
correct/reloj_123_aug7.png,0,0,1
correct/reloj_123_aug8.png,0,0,1
correct/reloj_123_aug9.png,0,0,1
correct/reloj_123_aug10.png,0,0,1
correct/reloj_123_aug11.png,0,0,1
correct/reloj_123_aug12.png,0,0,1
correct/reloj_123_aug13.png,0,0,1
correct/reloj_123_aug14.png,0,0,1
correct/reloj_123_aug15.png,0,0,1
correct/reloj_123_aug16.png,0,0,1
correct/reloj_123_aug17.png,0,0,1
correct/reloj_123_aug18.png,0,0,1
correct/reloj_123_aug19.png,0,0,1
correct/reloj_123_aug20.png,0,0,1
correct/reloj_123_aug21.png,0,0,1
correct/reloj_123_aug22.png,0,0,1
correct/reloj_123_aug23.png,0,0,1
correct/reloj_123_aug24.png,0,0,1
correct/reloj_123_aug25.png,0,0,1
correct/reloj_123_aug26.png,0,0,1
correct/reloj_123_aug27.png,0,0,1
correct/reloj_123_aug28.png,0,0,1
correct/reloj_123_aug29.png,0,0,1
correct/reloj_123_aug30.png,0,0,1
correct/reloj_123_aug31.png,0,0,1
correct/reloj_111_aug0.png,0,0,1
correct/reloj_111_aug1.png,0,0,1
correct/reloj_111_aug2.png,0,0,1
correct/reloj_111_aug3.png,0,0,1
correct/reloj_111_aug4.png,0,0,1
correct/reloj_111_aug5.png,0,0,1
correct/reloj_111_aug6.png,0,0,1
correct/reloj_111_aug7.png,0,0,1
correct/reloj_111_aug8.png,0,0,1
correct/reloj_111_aug9.png,0,0,1
correct/reloj_111_aug10.png,0,0,1
correct/reloj_111_aug11.png,0,0,1
correct/reloj_111_aug12.png,0,0,1
correct/reloj_111_aug13.png,0,0,1
correct/reloj_111_aug14.png,0,0,1
correct/reloj_111_aug15.png,0,0,1
correct/reloj_111_aug16.png,0,0,1
correct/reloj_111_aug17.png,0,0,1
correct/reloj_111_aug18.png,0,0,1
correct/reloj_111_aug19.png,0,0,1
correct/reloj_111_aug20.png,0,0,1
correct/reloj_111_aug21.png,0,0,1
correct/reloj_111_aug22.png,0,0,1
correct/reloj_111_aug23.png,0,0,1
correct/reloj_111_aug24.png,0,0,1
correct/reloj_111_aug25.png,0,0,1
correct/reloj_111_aug26.png,0,0,1
correct/reloj_111_aug27.png,0,0,1
correct/reloj_111_aug28.png,0,0,1
correct/reloj_111_aug29.png,0,0,1
correct/reloj_111_aug30.png,0,0,1
correct/reloj_111_aug31.png,0,0,1
correct/reloj_071_aug0.png,0,0,1
correct/reloj_071_aug1.png,0,0,1
correct/reloj_071_aug2.png,0,0,1
correct/reloj_071_aug3.png,0,0,1
correct/reloj_071_aug4.png,0,0,1
correct/reloj_071_aug5.png,0,0,1
correct/reloj_071_aug6.png,0,0,1
correct/reloj_071_aug7.png,0,0,1
correct/reloj_071_aug8.png,0,0,1
correct/reloj_071_aug9.png,0,0,1
correct/reloj_071_aug10.png,0,0,1
correct/reloj_071_aug11.png,0,0,1
correct/reloj_071_aug12.png,0,0,1
correct/reloj_071_aug13.png,0,0,1
correct/reloj_071_aug14.png,0,0,1
correct/reloj_071_aug15.png,0,0,1
correct/reloj_071_aug16.png,0,0,1
correct/reloj_071_aug17.png,0,0,1
correct/reloj_071_aug18.png,0,0,1
correct/reloj_071_aug19.png,0,0,1
correct/reloj_071_aug20.png,0,0,1
correct/reloj_071_aug21.png,0,0,1
correct/reloj_071_aug22.png,0,0,1
correct/reloj_071_aug23.png,0,0,1
correct/reloj_071_aug24.png,0,0,1
correct/reloj_071_aug25.png,0,0,1
correct/reloj_071_aug26.png,0,0,1
correct/reloj_071_aug27.png,0,0,1
correct/reloj_071_aug28.png,0,0,1
correct/reloj_071_aug29.png,0,0,1
correct/reloj_071_aug30.png,0,0,1
correct/reloj_071_aug31.png,0,0,1
correct/reloj_018_aug0.png,0,0,1
correct/reloj_018_aug1.png,0,0,1
correct/reloj_018_aug2.png,0,0,1
correct/reloj_018_aug3.png,0,0,1
correct/reloj_018_aug4.png,0,0,1
correct/reloj_018_aug5.png,0,0,1
correct/reloj_018_aug6.png,0,0,1
correct/reloj_018_aug7.png,0,0,1
correct/reloj_018_aug8.png,0,0,1
correct/reloj_018_aug9.png,0,0,1
correct/reloj_018_aug10.png,0,0,1
correct/reloj_018_aug11.png,0,0,1
correct/reloj_018_aug12.png,0,0,1
correct/reloj_018_aug13.png,0,0,1
correct/reloj_018_aug14.png,0,0,1
correct/reloj_018_aug15.png,0,0,1
correct/reloj_018_aug16.png,0,0,1
correct/reloj_018_aug17.png,0,0,1
correct/reloj_018_aug18.png,0,0,1
correct/reloj_018_aug19.png,0,0,1
correct/reloj_018_aug20.png,0,0,1
correct/reloj_018_aug21.png,0,0,1
correct/reloj_018_aug22.png,0,0,1
correct/reloj_018_aug23.png,0,0,1
correct/reloj_018_aug24.png,0,0,1
correct/reloj_018_aug25.png,0,0,1
correct/reloj_018_aug26.png,0,0,1
correct/reloj_018_aug27.png,0,0,1
correct/reloj_018_aug28.png,0,0,1
correct/reloj_018_aug29.png,0,0,1
correct/reloj_018_aug30.png,0,0,1
correct/reloj_018_aug31.png,0,0,1
correct/reloj_232_aug0.png,0,0,1
correct/reloj_232_aug1.png,0,0,1
correct/reloj_232_aug2.png,0,0,1
correct/reloj_232_aug3.png,0,0,1
correct/reloj_232_aug4.png,0,0,1
correct/reloj_232_aug5.png,0,0,1
correct/reloj_232_aug6.png,0,0,1
correct/reloj_232_aug7.png,0,0,1
correct/reloj_232_aug8.png,0,0,1
correct/reloj_232_aug9.png,0,0,1
correct/reloj_232_aug10.png,0,0,1
correct/reloj_232_aug11.png,0,0,1
correct/reloj_232_aug12.png,0,0,1
correct/reloj_232_aug13.png,0,0,1
correct/reloj_232_aug14.png,0,0,1
correct/reloj_232_aug15.png,0,0,1
correct/reloj_232_aug16.png,0,0,1
correct/reloj_232_aug17.png,0,0,1
correct/reloj_232_aug18.png,0,0,1
correct/reloj_232_aug19.png,0,0,1
correct/reloj_232_aug20.png,0,0,1
correct/reloj_232_aug21.png,0,0,1
correct/reloj_232_aug22.png,0,0,1
correct/reloj_232_aug23.png,0,0,1
correct/reloj_232_aug24.png,0,0,1
correct/reloj_232_aug25.png,0,0,1
correct/reloj_232_aug26.png,0,0,1
correct/reloj_232_aug27.png,0,0,1
correct/reloj_232_aug28.png,0,0,1
correct/reloj_232_aug29.png,0,0,1
correct/reloj_232_aug30.png,0,0,1
correct/reloj_232_aug31.png,0,0,1
correct/reloj_062_aug0.png,0,0,1
correct/reloj_062_aug1.png,0,0,1
correct/reloj_062_aug2.png,0,0,1
correct/reloj_062_aug3.png,0,0,1
correct/reloj_062_aug4.png,0,0,1
correct/reloj_062_aug5.png,0,0,1
correct/reloj_062_aug6.png,0,0,1
correct/reloj_062_aug7.png,0,0,1
correct/reloj_062_aug8.png,0,0,1
correct/reloj_062_aug9.png,0,0,1
correct/reloj_062_aug10.png,0,0,1
correct/reloj_062_aug11.png,0,0,1
correct/reloj_062_aug12.png,0,0,1
correct/reloj_062_aug13.png,0,0,1
correct/reloj_062_aug14.png,0,0,1
correct/reloj_062_aug15.png,0,0,1
correct/reloj_062_aug16.png,0,0,1
correct/reloj_062_aug17.png,0,0,1
correct/reloj_062_aug18.png,0,0,1
correct/reloj_062_aug19.png,0,0,1
correct/reloj_062_aug20.png,0,0,1
correct/reloj_062_aug21.png,0,0,1
correct/reloj_062_aug22.png,0,0,1
correct/reloj_062_aug23.png,0,0,1
correct/reloj_062_aug24.png,0,0,1
correct/reloj_062_aug25.png,0,0,1
correct/reloj_062_aug26.png,0,0,1
correct/reloj_062_aug27.png,0,0,1
correct/reloj_062_aug28.png,0,0,1
correct/reloj_062_aug29.png,0,0,1
correct/reloj_062_aug30.png,0,0,1
correct/reloj_062_aug31.png,0,0,1
correct/reloj_060_aug0.png,0,0,1
correct/reloj_060_aug1.png,0,0,1
correct/reloj_060_aug2.png,0,0,1
correct/reloj_060_aug3.png,0,0,1
correct/reloj_060_aug4.png,0,0,1
correct/reloj_060_aug5.png,0,0,1
correct/reloj_060_aug6.png,0,0,1
correct/reloj_060_aug7.png,0,0,1
correct/reloj_060_aug8.png,0,0,1
correct/reloj_060_aug9.png,0,0,1
correct/reloj_060_aug10.png,0,0,1
correct/reloj_060_aug11.png,0,0,1
correct/reloj_060_aug12.png,0,0,1
correct/reloj_060_aug13.png,0,0,1
correct/reloj_060_aug14.png,0,0,1
correct/reloj_060_aug15.png,0,0,1
correct/reloj_060_aug16.png,0,0,1
correct/reloj_060_aug17.png,0,0,1
correct/reloj_060_aug18.png,0,0,1
correct/reloj_060_aug19.png,0,0,1
correct/reloj_060_aug20.png,0,0,1
correct/reloj_060_aug21.png,0,0,1
correct/reloj_060_aug22.png,0,0,1
correct/reloj_060_aug23.png,0,0,1
correct/reloj_060_aug24.png,0,0,1
correct/reloj_060_aug25.png,0,0,1
correct/reloj_060_aug26.png,0,0,1
correct/reloj_060_aug27.png,0,0,1
correct/reloj_060_aug28.png,0,0,1
correct/reloj_060_aug29.png,0,0,1
correct/reloj_060_aug30.png,0,0,1
correct/reloj_060_aug31.png,0,0,1
correct/reloj_013_aug0.png,0,0,1
correct/reloj_013_aug1.png,0,0,1
correct/reloj_013_aug2.png,0,0,1
correct/reloj_013_aug3.png,0,0,1
correct/reloj_013_aug4.png,0,0,1
correct/reloj_013_aug5.png,0,0,1
correct/reloj_013_aug6.png,0,0,1
correct/reloj_013_aug7.png,0,0,1
correct/reloj_013_aug8.png,0,0,1
correct/reloj_013_aug9.png,0,0,1
correct/reloj_013_aug10.png,0,0,1
correct/reloj_013_aug11.png,0,0,1
correct/reloj_013_aug12.png,0,0,1
correct/reloj_013_aug13.png,0,0,1
correct/reloj_013_aug14.png,0,0,1
correct/reloj_013_aug15.png,0,0,1
correct/reloj_013_aug16.png,0,0,1
correct/reloj_013_aug17.png,0,0,1
correct/reloj_013_aug18.png,0,0,1
correct/reloj_013_aug19.png,0,0,1
correct/reloj_013_aug20.png,0,0,1
correct/reloj_013_aug21.png,0,0,1
correct/reloj_013_aug22.png,0,0,1
correct/reloj_013_aug23.png,0,0,1
correct/reloj_013_aug24.png,0,0,1
correct/reloj_013_aug25.png,0,0,1
correct/reloj_013_aug26.png,0,0,1
correct/reloj_013_aug27.png,0,0,1
correct/reloj_013_aug28.png,0,0,1
correct/reloj_013_aug29.png,0,0,1
correct/reloj_013_aug30.png,0,0,1
correct/reloj_013_aug31.png,0,0,1
correct/reloj_218_aug0.png,0,0,1
correct/reloj_218_aug1.png,0,0,1
correct/reloj_218_aug2.png,0,0,1
correct/reloj_218_aug3.png,0,0,1
correct/reloj_218_aug4.png,0,0,1
correct/reloj_218_aug5.png,0,0,1
correct/reloj_218_aug6.png,0,0,1
correct/reloj_218_aug7.png,0,0,1
correct/reloj_218_aug8.png,0,0,1
correct/reloj_218_aug9.png,0,0,1
correct/reloj_218_aug10.png,0,0,1
correct/reloj_218_aug11.png,0,0,1
correct/reloj_218_aug12.png,0,0,1
correct/reloj_218_aug13.png,0,0,1
correct/reloj_218_aug14.png,0,0,1
correct/reloj_218_aug15.png,0,0,1
correct/reloj_218_aug16.png,0,0,1
correct/reloj_218_aug17.png,0,0,1
correct/reloj_218_aug18.png,0,0,1
correct/reloj_218_aug19.png,0,0,1
correct/reloj_218_aug20.png,0,0,1
correct/reloj_218_aug21.png,0,0,1
correct/reloj_218_aug22.png,0,0,1
correct/reloj_218_aug23.png,0,0,1
correct/reloj_218_aug24.png,0,0,1
correct/reloj_218_aug25.png,0,0,1
correct/reloj_218_aug26.png,0,0,1
correct/reloj_218_aug27.png,0,0,1
correct/reloj_218_aug28.png,0,0,1
correct/reloj_218_aug29.png,0,0,1
correct/reloj_218_aug30.png,0,0,1
correct/reloj_218_aug31.png,0,0,1
correct/reloj_068_aug0.png,0,0,1
correct/reloj_068_aug1.png,0,0,1
correct/reloj_068_aug2.png,0,0,1
correct/reloj_068_aug3.png,0,0,1
correct/reloj_068_aug4.png,0,0,1
correct/reloj_068_aug5.png,0,0,1
correct/reloj_068_aug6.png,0,0,1
correct/reloj_068_aug7.png,0,0,1
correct/reloj_068_aug8.png,0,0,1
correct/reloj_068_aug9.png,0,0,1
correct/reloj_068_aug10.png,0,0,1
correct/reloj_068_aug11.png,0,0,1
correct/reloj_068_aug12.png,0,0,1
correct/reloj_068_aug13.png,0,0,1
correct/reloj_068_aug14.png,0,0,1
correct/reloj_068_aug15.png,0,0,1
correct/reloj_068_aug16.png,0,0,1
correct/reloj_068_aug17.png,0,0,1
correct/reloj_068_aug18.png,0,0,1
correct/reloj_068_aug19.png,0,0,1
correct/reloj_068_aug20.png,0,0,1
correct/reloj_068_aug21.png,0,0,1
correct/reloj_068_aug22.png,0,0,1
correct/reloj_068_aug23.png,0,0,1
correct/reloj_068_aug24.png,0,0,1
correct/reloj_068_aug25.png,0,0,1
correct/reloj_068_aug26.png,0,0,1
correct/reloj_068_aug27.png,0,0,1
correct/reloj_068_aug28.png,0,0,1
correct/reloj_068_aug29.png,0,0,1
correct/reloj_068_aug30.png,0,0,1
correct/reloj_068_aug31.png,0,0,1
correct/reloj_116_aug0.png,0,0,1
correct/reloj_116_aug1.png,0,0,1
correct/reloj_116_aug2.png,0,0,1
correct/reloj_116_aug3.png,0,0,1
correct/reloj_116_aug4.png,0,0,1
correct/reloj_116_aug5.png,0,0,1
correct/reloj_116_aug6.png,0,0,1
correct/reloj_116_aug7.png,0,0,1
correct/reloj_116_aug8.png,0,0,1
correct/reloj_116_aug9.png,0,0,1
correct/reloj_116_aug10.png,0,0,1
correct/reloj_116_aug11.png,0,0,1
correct/reloj_116_aug12.png,0,0,1
correct/reloj_116_aug13.png,0,0,1
correct/reloj_116_aug14.png,0,0,1
correct/reloj_116_aug15.png,0,0,1
correct/reloj_116_aug16.png,0,0,1
correct/reloj_116_aug17.png,0,0,1
correct/reloj_116_aug18.png,0,0,1
correct/reloj_116_aug19.png,0,0,1
correct/reloj_116_aug20.png,0,0,1
correct/reloj_116_aug21.png,0,0,1
correct/reloj_116_aug22.png,0,0,1
correct/reloj_116_aug23.png,0,0,1
correct/reloj_116_aug24.png,0,0,1
correct/reloj_116_aug25.png,0,0,1
correct/reloj_116_aug26.png,0,0,1
correct/reloj_116_aug27.png,0,0,1
correct/reloj_116_aug28.png,0,0,1
correct/reloj_116_aug29.png,0,0,1
correct/reloj_116_aug30.png,0,0,1
correct/reloj_116_aug31.png,0,0,1
correct/reloj_011_aug0.png,0,0,1
correct/reloj_011_aug1.png,0,0,1
correct/reloj_011_aug2.png,0,0,1
correct/reloj_011_aug3.png,0,0,1
correct/reloj_011_aug4.png,0,0,1
correct/reloj_011_aug5.png,0,0,1
correct/reloj_011_aug6.png,0,0,1
correct/reloj_011_aug7.png,0,0,1
correct/reloj_011_aug8.png,0,0,1
correct/reloj_011_aug9.png,0,0,1
correct/reloj_011_aug10.png,0,0,1
correct/reloj_011_aug11.png,0,0,1
correct/reloj_011_aug12.png,0,0,1
correct/reloj_011_aug13.png,0,0,1
correct/reloj_011_aug14.png,0,0,1
correct/reloj_011_aug15.png,0,0,1
correct/reloj_011_aug16.png,0,0,1
correct/reloj_011_aug17.png,0,0,1
correct/reloj_011_aug18.png,0,0,1
correct/reloj_011_aug19.png,0,0,1
correct/reloj_011_aug20.png,0,0,1
correct/reloj_011_aug21.png,0,0,1
correct/reloj_011_aug22.png,0,0,1
correct/reloj_011_aug23.png,0,0,1
correct/reloj_011_aug24.png,0,0,1
correct/reloj_011_aug25.png,0,0,1
correct/reloj_011_aug26.png,0,0,1
correct/reloj_011_aug27.png,0,0,1
correct/reloj_011_aug28.png,0,0,1
correct/reloj_011_aug29.png,0,0,1
correct/reloj_011_aug30.png,0,0,1
correct/reloj_011_aug31.png,0,0,1
correct/reloj_233_aug0.png,0,0,1
correct/reloj_233_aug1.png,0,0,1
correct/reloj_233_aug2.png,0,0,1
correct/reloj_233_aug3.png,0,0,1
correct/reloj_233_aug4.png,0,0,1
correct/reloj_233_aug5.png,0,0,1
correct/reloj_233_aug6.png,0,0,1
correct/reloj_233_aug7.png,0,0,1
correct/reloj_233_aug8.png,0,0,1
correct/reloj_233_aug9.png,0,0,1
correct/reloj_233_aug10.png,0,0,1
correct/reloj_233_aug11.png,0,0,1
correct/reloj_233_aug12.png,0,0,1
correct/reloj_233_aug13.png,0,0,1
correct/reloj_233_aug14.png,0,0,1
correct/reloj_233_aug15.png,0,0,1
correct/reloj_233_aug16.png,0,0,1
correct/reloj_233_aug17.png,0,0,1
correct/reloj_233_aug18.png,0,0,1
correct/reloj_233_aug19.png,0,0,1
correct/reloj_233_aug20.png,0,0,1
correct/reloj_233_aug21.png,0,0,1
correct/reloj_233_aug22.png,0,0,1
correct/reloj_233_aug23.png,0,0,1
correct/reloj_233_aug24.png,0,0,1
correct/reloj_233_aug25.png,0,0,1
correct/reloj_233_aug26.png,0,0,1
correct/reloj_233_aug27.png,0,0,1
correct/reloj_233_aug28.png,0,0,1
correct/reloj_233_aug29.png,0,0,1
correct/reloj_233_aug30.png,0,0,1
correct/reloj_233_aug31.png,0,0,1
correct/reloj_017_aug0.png,0,0,1
correct/reloj_017_aug1.png,0,0,1
correct/reloj_017_aug2.png,0,0,1
correct/reloj_017_aug3.png,0,0,1
correct/reloj_017_aug4.png,0,0,1
correct/reloj_017_aug5.png,0,0,1
correct/reloj_017_aug6.png,0,0,1
correct/reloj_017_aug7.png,0,0,1
correct/reloj_017_aug8.png,0,0,1
correct/reloj_017_aug9.png,0,0,1
correct/reloj_017_aug10.png,0,0,1
correct/reloj_017_aug11.png,0,0,1
correct/reloj_017_aug12.png,0,0,1
correct/reloj_017_aug13.png,0,0,1
correct/reloj_017_aug14.png,0,0,1
correct/reloj_017_aug15.png,0,0,1
correct/reloj_017_aug16.png,0,0,1
correct/reloj_017_aug17.png,0,0,1
correct/reloj_017_aug18.png,0,0,1
correct/reloj_017_aug19.png,0,0,1
correct/reloj_017_aug20.png,0,0,1
correct/reloj_017_aug21.png,0,0,1
correct/reloj_017_aug22.png,0,0,1
correct/reloj_017_aug23.png,0,0,1
correct/reloj_017_aug24.png,0,0,1
correct/reloj_017_aug25.png,0,0,1
correct/reloj_017_aug26.png,0,0,1
correct/reloj_017_aug27.png,0,0,1
correct/reloj_017_aug28.png,0,0,1
correct/reloj_017_aug29.png,0,0,1
correct/reloj_017_aug30.png,0,0,1
correct/reloj_017_aug31.png,0,0,1
correct/reloj_059_aug0.png,0,0,1
correct/reloj_059_aug1.png,0,0,1
correct/reloj_059_aug2.png,0,0,1
correct/reloj_059_aug3.png,0,0,1
correct/reloj_059_aug4.png,0,0,1
correct/reloj_059_aug5.png,0,0,1
correct/reloj_059_aug6.png,0,0,1
correct/reloj_059_aug7.png,0,0,1
correct/reloj_059_aug8.png,0,0,1
correct/reloj_059_aug9.png,0,0,1
correct/reloj_059_aug10.png,0,0,1
correct/reloj_059_aug11.png,0,0,1
correct/reloj_059_aug12.png,0,0,1
correct/reloj_059_aug13.png,0,0,1
correct/reloj_059_aug14.png,0,0,1
correct/reloj_059_aug15.png,0,0,1
correct/reloj_059_aug16.png,0,0,1
correct/reloj_059_aug17.png,0,0,1
correct/reloj_059_aug18.png,0,0,1
correct/reloj_059_aug19.png,0,0,1
correct/reloj_059_aug20.png,0,0,1
correct/reloj_059_aug21.png,0,0,1
correct/reloj_059_aug22.png,0,0,1
correct/reloj_059_aug23.png,0,0,1
correct/reloj_059_aug24.png,0,0,1
correct/reloj_059_aug25.png,0,0,1
correct/reloj_059_aug26.png,0,0,1
correct/reloj_059_aug27.png,0,0,1
correct/reloj_059_aug28.png,0,0,1
correct/reloj_059_aug29.png,0,0,1
correct/reloj_059_aug30.png,0,0,1
correct/reloj_059_aug31.png,0,0,1
correct/reloj_066_aug0.png,0,0,1
correct/reloj_066_aug1.png,0,0,1
correct/reloj_066_aug2.png,0,0,1
correct/reloj_066_aug3.png,0,0,1
correct/reloj_066_aug4.png,0,0,1
correct/reloj_066_aug5.png,0,0,1
correct/reloj_066_aug6.png,0,0,1
correct/reloj_066_aug7.png,0,0,1
correct/reloj_066_aug8.png,0,0,1
correct/reloj_066_aug9.png,0,0,1
correct/reloj_066_aug10.png,0,0,1
correct/reloj_066_aug11.png,0,0,1
correct/reloj_066_aug12.png,0,0,1
correct/reloj_066_aug13.png,0,0,1
correct/reloj_066_aug14.png,0,0,1
correct/reloj_066_aug15.png,0,0,1
correct/reloj_066_aug16.png,0,0,1
correct/reloj_066_aug17.png,0,0,1
correct/reloj_066_aug18.png,0,0,1
correct/reloj_066_aug19.png,0,0,1
correct/reloj_066_aug20.png,0,0,1
correct/reloj_066_aug21.png,0,0,1
correct/reloj_066_aug22.png,0,0,1
correct/reloj_066_aug23.png,0,0,1
correct/reloj_066_aug24.png,0,0,1
correct/reloj_066_aug25.png,0,0,1
correct/reloj_066_aug26.png,0,0,1
correct/reloj_066_aug27.png,0,0,1
correct/reloj_066_aug28.png,0,0,1
correct/reloj_066_aug29.png,0,0,1
correct/reloj_066_aug30.png,0,0,1
correct/reloj_066_aug31.png,0,0,1
correct/reloj_122_aug0.png,0,0,1
correct/reloj_122_aug1.png,0,0,1
correct/reloj_122_aug2.png,0,0,1
correct/reloj_122_aug3.png,0,0,1
correct/reloj_122_aug4.png,0,0,1
correct/reloj_122_aug5.png,0,0,1
correct/reloj_122_aug6.png,0,0,1
correct/reloj_122_aug7.png,0,0,1
correct/reloj_122_aug8.png,0,0,1
correct/reloj_122_aug9.png,0,0,1
correct/reloj_122_aug10.png,0,0,1
correct/reloj_122_aug11.png,0,0,1
correct/reloj_122_aug12.png,0,0,1
correct/reloj_122_aug13.png,0,0,1
correct/reloj_122_aug14.png,0,0,1
correct/reloj_122_aug15.png,0,0,1
correct/reloj_122_aug16.png,0,0,1
correct/reloj_122_aug17.png,0,0,1
correct/reloj_122_aug18.png,0,0,1
correct/reloj_122_aug19.png,0,0,1
correct/reloj_122_aug20.png,0,0,1
correct/reloj_122_aug21.png,0,0,1
correct/reloj_122_aug22.png,0,0,1
correct/reloj_122_aug23.png,0,0,1
correct/reloj_122_aug24.png,0,0,1
correct/reloj_122_aug25.png,0,0,1
correct/reloj_122_aug26.png,0,0,1
correct/reloj_122_aug27.png,0,0,1
correct/reloj_122_aug28.png,0,0,1
correct/reloj_122_aug29.png,0,0,1
correct/reloj_122_aug30.png,0,0,1
correct/reloj_122_aug31.png,0,0,1
correct/reloj_211_aug0.png,0,0,1
correct/reloj_211_aug1.png,0,0,1
correct/reloj_211_aug2.png,0,0,1
correct/reloj_211_aug3.png,0,0,1
correct/reloj_211_aug4.png,0,0,1
correct/reloj_211_aug5.png,0,0,1
correct/reloj_211_aug6.png,0,0,1
correct/reloj_211_aug7.png,0,0,1
correct/reloj_211_aug8.png,0,0,1
correct/reloj_211_aug9.png,0,0,1
correct/reloj_211_aug10.png,0,0,1
correct/reloj_211_aug11.png,0,0,1
correct/reloj_211_aug12.png,0,0,1
correct/reloj_211_aug13.png,0,0,1
correct/reloj_211_aug14.png,0,0,1
correct/reloj_211_aug15.png,0,0,1
correct/reloj_211_aug16.png,0,0,1
correct/reloj_211_aug17.png,0,0,1
correct/reloj_211_aug18.png,0,0,1
correct/reloj_211_aug19.png,0,0,1
correct/reloj_211_aug20.png,0,0,1
correct/reloj_211_aug21.png,0,0,1
correct/reloj_211_aug22.png,0,0,1
correct/reloj_211_aug23.png,0,0,1
correct/reloj_211_aug24.png,0,0,1
correct/reloj_211_aug25.png,0,0,1
correct/reloj_211_aug26.png,0,0,1
correct/reloj_211_aug27.png,0,0,1
correct/reloj_211_aug28.png,0,0,1
correct/reloj_211_aug29.png,0,0,1
correct/reloj_211_aug30.png,0,0,1
correct/reloj_211_aug31.png,0,0,1
correct/reloj_057_aug0.png,0,0,1
correct/reloj_057_aug1.png,0,0,1
correct/reloj_057_aug2.png,0,0,1
correct/reloj_057_aug3.png,0,0,1
correct/reloj_057_aug4.png,0,0,1
correct/reloj_057_aug5.png,0,0,1
correct/reloj_057_aug6.png,0,0,1
correct/reloj_057_aug7.png,0,0,1
correct/reloj_057_aug8.png,0,0,1
correct/reloj_057_aug9.png,0,0,1
correct/reloj_057_aug10.png,0,0,1
correct/reloj_057_aug11.png,0,0,1
correct/reloj_057_aug12.png,0,0,1
correct/reloj_057_aug13.png,0,0,1
correct/reloj_057_aug14.png,0,0,1
correct/reloj_057_aug15.png,0,0,1
correct/reloj_057_aug16.png,0,0,1
correct/reloj_057_aug17.png,0,0,1
correct/reloj_057_aug18.png,0,0,1
correct/reloj_057_aug19.png,0,0,1
correct/reloj_057_aug20.png,0,0,1
correct/reloj_057_aug21.png,0,0,1
correct/reloj_057_aug22.png,0,0,1
correct/reloj_057_aug23.png,0,0,1
correct/reloj_057_aug24.png,0,0,1
correct/reloj_057_aug25.png,0,0,1
correct/reloj_057_aug26.png,0,0,1
correct/reloj_057_aug27.png,0,0,1
correct/reloj_057_aug28.png,0,0,1
correct/reloj_057_aug29.png,0,0,1
correct/reloj_057_aug30.png,0,0,1
correct/reloj_057_aug31.png,0,0,1
correct/reloj_061_aug0.png,0,0,1
correct/reloj_061_aug1.png,0,0,1
correct/reloj_061_aug2.png,0,0,1
correct/reloj_061_aug3.png,0,0,1
correct/reloj_061_aug4.png,0,0,1
correct/reloj_061_aug5.png,0,0,1
correct/reloj_061_aug6.png,0,0,1
correct/reloj_061_aug7.png,0,0,1
correct/reloj_061_aug8.png,0,0,1
correct/reloj_061_aug9.png,0,0,1
correct/reloj_061_aug10.png,0,0,1
correct/reloj_061_aug11.png,0,0,1
correct/reloj_061_aug12.png,0,0,1
correct/reloj_061_aug13.png,0,0,1
correct/reloj_061_aug14.png,0,0,1
correct/reloj_061_aug15.png,0,0,1
correct/reloj_061_aug16.png,0,0,1
correct/reloj_061_aug17.png,0,0,1
correct/reloj_061_aug18.png,0,0,1
correct/reloj_061_aug19.png,0,0,1
correct/reloj_061_aug20.png,0,0,1
correct/reloj_061_aug21.png,0,0,1
correct/reloj_061_aug22.png,0,0,1
correct/reloj_061_aug23.png,0,0,1
correct/reloj_061_aug24.png,0,0,1
correct/reloj_061_aug25.png,0,0,1
correct/reloj_061_aug26.png,0,0,1
correct/reloj_061_aug27.png,0,0,1
correct/reloj_061_aug28.png,0,0,1
correct/reloj_061_aug29.png,0,0,1
correct/reloj_061_aug30.png,0,0,1
correct/reloj_061_aug31.png,0,0,1
correct/reloj_056_aug0.png,0,0,1
correct/reloj_056_aug1.png,0,0,1
correct/reloj_056_aug2.png,0,0,1
correct/reloj_056_aug3.png,0,0,1
correct/reloj_056_aug4.png,0,0,1
correct/reloj_056_aug5.png,0,0,1
correct/reloj_056_aug6.png,0,0,1
correct/reloj_056_aug7.png,0,0,1
correct/reloj_056_aug8.png,0,0,1
correct/reloj_056_aug9.png,0,0,1
correct/reloj_056_aug10.png,0,0,1
correct/reloj_056_aug11.png,0,0,1
correct/reloj_056_aug12.png,0,0,1
correct/reloj_056_aug13.png,0,0,1
correct/reloj_056_aug14.png,0,0,1
correct/reloj_056_aug15.png,0,0,1
correct/reloj_056_aug16.png,0,0,1
correct/reloj_056_aug17.png,0,0,1
correct/reloj_056_aug18.png,0,0,1
correct/reloj_056_aug19.png,0,0,1
correct/reloj_056_aug20.png,0,0,1
correct/reloj_056_aug21.png,0,0,1
correct/reloj_056_aug22.png,0,0,1
correct/reloj_056_aug23.png,0,0,1
correct/reloj_056_aug24.png,0,0,1
correct/reloj_056_aug25.png,0,0,1
correct/reloj_056_aug26.png,0,0,1
correct/reloj_056_aug27.png,0,0,1
correct/reloj_056_aug28.png,0,0,1
correct/reloj_056_aug29.png,0,0,1
correct/reloj_056_aug30.png,0,0,1
correct/reloj_056_aug31.png,0,0,1
correct/reloj_219_aug0.png,0,0,1
correct/reloj_219_aug1.png,0,0,1
correct/reloj_219_aug2.png,0,0,1
correct/reloj_219_aug3.png,0,0,1
correct/reloj_219_aug4.png,0,0,1
correct/reloj_219_aug5.png,0,0,1
correct/reloj_219_aug6.png,0,0,1
correct/reloj_219_aug7.png,0,0,1
correct/reloj_219_aug8.png,0,0,1
correct/reloj_219_aug9.png,0,0,1
correct/reloj_219_aug10.png,0,0,1
correct/reloj_219_aug11.png,0,0,1
correct/reloj_219_aug12.png,0,0,1
correct/reloj_219_aug13.png,0,0,1
correct/reloj_219_aug14.png,0,0,1
correct/reloj_219_aug15.png,0,0,1
correct/reloj_219_aug16.png,0,0,1
correct/reloj_219_aug17.png,0,0,1
correct/reloj_219_aug18.png,0,0,1
correct/reloj_219_aug19.png,0,0,1
correct/reloj_219_aug20.png,0,0,1
correct/reloj_219_aug21.png,0,0,1
correct/reloj_219_aug22.png,0,0,1
correct/reloj_219_aug23.png,0,0,1
correct/reloj_219_aug24.png,0,0,1
correct/reloj_219_aug25.png,0,0,1
correct/reloj_219_aug26.png,0,0,1
correct/reloj_219_aug27.png,0,0,1
correct/reloj_219_aug28.png,0,0,1
correct/reloj_219_aug29.png,0,0,1
correct/reloj_219_aug30.png,0,0,1
correct/reloj_219_aug31.png,0,0,1
correct/reloj_070_aug0.png,0,0,1
correct/reloj_070_aug1.png,0,0,1
correct/reloj_070_aug2.png,0,0,1
correct/reloj_070_aug3.png,0,0,1
correct/reloj_070_aug4.png,0,0,1
correct/reloj_070_aug5.png,0,0,1
correct/reloj_070_aug6.png,0,0,1
correct/reloj_070_aug7.png,0,0,1
correct/reloj_070_aug8.png,0,0,1
correct/reloj_070_aug9.png,0,0,1
correct/reloj_070_aug10.png,0,0,1
correct/reloj_070_aug11.png,0,0,1
correct/reloj_070_aug12.png,0,0,1
correct/reloj_070_aug13.png,0,0,1
correct/reloj_070_aug14.png,0,0,1
correct/reloj_070_aug15.png,0,0,1
correct/reloj_070_aug16.png,0,0,1
correct/reloj_070_aug17.png,0,0,1
correct/reloj_070_aug18.png,0,0,1
correct/reloj_070_aug19.png,0,0,1
correct/reloj_070_aug20.png,0,0,1
correct/reloj_070_aug21.png,0,0,1
correct/reloj_070_aug22.png,0,0,1
correct/reloj_070_aug23.png,0,0,1
correct/reloj_070_aug24.png,0,0,1
correct/reloj_070_aug25.png,0,0,1
correct/reloj_070_aug26.png,0,0,1
correct/reloj_070_aug27.png,0,0,1
correct/reloj_070_aug28.png,0,0,1
correct/reloj_070_aug29.png,0,0,1
correct/reloj_070_aug30.png,0,0,1
correct/reloj_070_aug31.png,0,0,1
correct/reloj_058_aug0.png,0,0,1
correct/reloj_058_aug1.png,0,0,1
correct/reloj_058_aug2.png,0,0,1
correct/reloj_058_aug3.png,0,0,1
correct/reloj_058_aug4.png,0,0,1
correct/reloj_058_aug5.png,0,0,1
correct/reloj_058_aug6.png,0,0,1
correct/reloj_058_aug7.png,0,0,1
correct/reloj_058_aug8.png,0,0,1
correct/reloj_058_aug9.png,0,0,1
correct/reloj_058_aug10.png,0,0,1
correct/reloj_058_aug11.png,0,0,1
correct/reloj_058_aug12.png,0,0,1
correct/reloj_058_aug13.png,0,0,1
correct/reloj_058_aug14.png,0,0,1
correct/reloj_058_aug15.png,0,0,1
correct/reloj_058_aug16.png,0,0,1
correct/reloj_058_aug17.png,0,0,1
correct/reloj_058_aug18.png,0,0,1
correct/reloj_058_aug19.png,0,0,1
correct/reloj_058_aug20.png,0,0,1
correct/reloj_058_aug21.png,0,0,1
correct/reloj_058_aug22.png,0,0,1
correct/reloj_058_aug23.png,0,0,1
correct/reloj_058_aug24.png,0,0,1
correct/reloj_058_aug25.png,0,0,1
correct/reloj_058_aug26.png,0,0,1
correct/reloj_058_aug27.png,0,0,1
correct/reloj_058_aug28.png,0,0,1
correct/reloj_058_aug29.png,0,0,1
correct/reloj_058_aug30.png,0,0,1
correct/reloj_058_aug31.png,0,0,1
correct/reloj_063_aug0.png,0,0,1
correct/reloj_063_aug1.png,0,0,1
correct/reloj_063_aug2.png,0,0,1
correct/reloj_063_aug3.png,0,0,1
correct/reloj_063_aug4.png,0,0,1
correct/reloj_063_aug5.png,0,0,1
correct/reloj_063_aug6.png,0,0,1
correct/reloj_063_aug7.png,0,0,1
correct/reloj_063_aug8.png,0,0,1
correct/reloj_063_aug9.png,0,0,1
correct/reloj_063_aug10.png,0,0,1
correct/reloj_063_aug11.png,0,0,1
correct/reloj_063_aug12.png,0,0,1
correct/reloj_063_aug13.png,0,0,1
correct/reloj_063_aug14.png,0,0,1
correct/reloj_063_aug15.png,0,0,1
correct/reloj_063_aug16.png,0,0,1
correct/reloj_063_aug17.png,0,0,1
correct/reloj_063_aug18.png,0,0,1
correct/reloj_063_aug19.png,0,0,1
correct/reloj_063_aug20.png,0,0,1
correct/reloj_063_aug21.png,0,0,1
correct/reloj_063_aug22.png,0,0,1
correct/reloj_063_aug23.png,0,0,1
correct/reloj_063_aug24.png,0,0,1
correct/reloj_063_aug25.png,0,0,1
correct/reloj_063_aug26.png,0,0,1
correct/reloj_063_aug27.png,0,0,1
correct/reloj_063_aug28.png,0,0,1
correct/reloj_063_aug29.png,0,0,1
correct/reloj_063_aug30.png,0,0,1
correct/reloj_063_aug31.png,0,0,1
correct/reloj_234_aug0.png,0,0,1
correct/reloj_234_aug1.png,0,0,1
correct/reloj_234_aug2.png,0,0,1
correct/reloj_234_aug3.png,0,0,1
correct/reloj_234_aug4.png,0,0,1
correct/reloj_234_aug5.png,0,0,1
correct/reloj_234_aug6.png,0,0,1
correct/reloj_234_aug7.png,0,0,1
correct/reloj_234_aug8.png,0,0,1
correct/reloj_234_aug9.png,0,0,1
correct/reloj_234_aug10.png,0,0,1
correct/reloj_234_aug11.png,0,0,1
correct/reloj_234_aug12.png,0,0,1
correct/reloj_234_aug13.png,0,0,1
correct/reloj_234_aug14.png,0,0,1
correct/reloj_234_aug15.png,0,0,1
correct/reloj_234_aug16.png,0,0,1
correct/reloj_234_aug17.png,0,0,1
correct/reloj_234_aug18.png,0,0,1
correct/reloj_234_aug19.png,0,0,1
correct/reloj_234_aug20.png,0,0,1
correct/reloj_234_aug21.png,0,0,1
correct/reloj_234_aug22.png,0,0,1
correct/reloj_234_aug23.png,0,0,1
correct/reloj_234_aug24.png,0,0,1
correct/reloj_234_aug25.png,0,0,1
correct/reloj_234_aug26.png,0,0,1
correct/reloj_234_aug27.png,0,0,1
correct/reloj_234_aug28.png,0,0,1
correct/reloj_234_aug29.png,0,0,1
correct/reloj_234_aug30.png,0,0,1
correct/reloj_234_aug31.png,0,0,1
correct/reloj_212_aug0.png,0,0,1
correct/reloj_212_aug1.png,0,0,1
correct/reloj_212_aug2.png,0,0,1
correct/reloj_212_aug3.png,0,0,1
correct/reloj_212_aug4.png,0,0,1
correct/reloj_212_aug5.png,0,0,1
correct/reloj_212_aug6.png,0,0,1
correct/reloj_212_aug7.png,0,0,1
correct/reloj_212_aug8.png,0,0,1
correct/reloj_212_aug9.png,0,0,1
correct/reloj_212_aug10.png,0,0,1
correct/reloj_212_aug11.png,0,0,1
correct/reloj_212_aug12.png,0,0,1
correct/reloj_212_aug13.png,0,0,1
correct/reloj_212_aug14.png,0,0,1
correct/reloj_212_aug15.png,0,0,1
correct/reloj_212_aug16.png,0,0,1
correct/reloj_212_aug17.png,0,0,1
correct/reloj_212_aug18.png,0,0,1
correct/reloj_212_aug19.png,0,0,1
correct/reloj_212_aug20.png,0,0,1
correct/reloj_212_aug21.png,0,0,1
correct/reloj_212_aug22.png,0,0,1
correct/reloj_212_aug23.png,0,0,1
correct/reloj_212_aug24.png,0,0,1
correct/reloj_212_aug25.png,0,0,1
correct/reloj_212_aug26.png,0,0,1
correct/reloj_212_aug27.png,0,0,1
correct/reloj_212_aug28.png,0,0,1
correct/reloj_212_aug29.png,0,0,1
correct/reloj_212_aug30.png,0,0,1
correct/reloj_212_aug31.png,0,0,1
correct/reloj_035_aug0.png,0,1,1
correct/reloj_035_aug1.png,0,1,1
correct/reloj_035_aug2.png,0,1,1
correct/reloj_035_aug3.png,0,1,1
correct/reloj_035_aug4.png,0,1,1
correct/reloj_035_aug5.png,0,1,1
correct/reloj_035_aug6.png,0,1,1
correct/reloj_035_aug7.png,0,1,1
correct/reloj_035_aug8.png,0,1,1
correct/reloj_035_aug9.png,0,1,1
correct/reloj_035_aug10.png,0,1,1
correct/reloj_035_aug11.png,0,1,1
correct/reloj_035_aug12.png,0,1,1
correct/reloj_035_aug13.png,0,1,1
correct/reloj_035_aug14.png,0,1,1
correct/reloj_035_aug15.png,0,1,1
correct/reloj_035_aug16.png,0,1,1
correct/reloj_035_aug17.png,0,1,1
correct/reloj_035_aug18.png,0,1,1
correct/reloj_035_aug19.png,0,1,1
correct/reloj_035_aug20.png,0,1,1
correct/reloj_035_aug21.png,0,1,1
correct/reloj_035_aug22.png,0,1,1
correct/reloj_035_aug23.png,0,1,1
correct/reloj_035_aug24.png,0,1,1
correct/reloj_035_aug25.png,0,1,1
correct/reloj_035_aug26.png,0,1,1
correct/reloj_035_aug27.png,0,1,1
correct/reloj_035_aug28.png,0,1,1
correct/reloj_035_aug29.png,0,1,1
correct/reloj_035_aug30.png,0,1,1
correct/reloj_035_aug31.png,0,1,1
correct/reloj_035_aug32.png,0,1,1
correct/reloj_035_aug33.png,0,1,1
correct/reloj_088_aug0.png,0,1,1
correct/reloj_088_aug1.png,0,1,1
correct/reloj_088_aug2.png,0,1,1
correct/reloj_088_aug3.png,0,1,1
correct/reloj_088_aug4.png,0,1,1
correct/reloj_088_aug5.png,0,1,1
correct/reloj_088_aug6.png,0,1,1
correct/reloj_088_aug7.png,0,1,1
correct/reloj_088_aug8.png,0,1,1
correct/reloj_088_aug9.png,0,1,1
correct/reloj_088_aug10.png,0,1,1
correct/reloj_088_aug11.png,0,1,1
correct/reloj_088_aug12.png,0,1,1
correct/reloj_088_aug13.png,0,1,1
correct/reloj_088_aug14.png,0,1,1
correct/reloj_088_aug15.png,0,1,1
correct/reloj_088_aug16.png,0,1,1
correct/reloj_088_aug17.png,0,1,1
correct/reloj_088_aug18.png,0,1,1
correct/reloj_088_aug19.png,0,1,1
correct/reloj_088_aug20.png,0,1,1
correct/reloj_088_aug21.png,0,1,1
correct/reloj_088_aug22.png,0,1,1
correct/reloj_088_aug23.png,0,1,1
correct/reloj_088_aug24.png,0,1,1
correct/reloj_088_aug25.png,0,1,1
correct/reloj_088_aug26.png,0,1,1
correct/reloj_088_aug27.png,0,1,1
correct/reloj_088_aug28.png,0,1,1
correct/reloj_088_aug29.png,0,1,1
correct/reloj_088_aug30.png,0,1,1
correct/reloj_088_aug31.png,0,1,1
correct/reloj_088_aug32.png,0,1,1
correct/reloj_088_aug33.png,0,1,1
correct/reloj_133_aug0.png,0,1,1
correct/reloj_133_aug1.png,0,1,1
correct/reloj_133_aug2.png,0,1,1
correct/reloj_133_aug3.png,0,1,1
correct/reloj_133_aug4.png,0,1,1
correct/reloj_133_aug5.png,0,1,1
correct/reloj_133_aug6.png,0,1,1
correct/reloj_133_aug7.png,0,1,1
correct/reloj_133_aug8.png,0,1,1
correct/reloj_133_aug9.png,0,1,1
correct/reloj_133_aug10.png,0,1,1
correct/reloj_133_aug11.png,0,1,1
correct/reloj_133_aug12.png,0,1,1
correct/reloj_133_aug13.png,0,1,1
correct/reloj_133_aug14.png,0,1,1
correct/reloj_133_aug15.png,0,1,1
correct/reloj_133_aug16.png,0,1,1
correct/reloj_133_aug17.png,0,1,1
correct/reloj_133_aug18.png,0,1,1
correct/reloj_133_aug19.png,0,1,1
correct/reloj_133_aug20.png,0,1,1
correct/reloj_133_aug21.png,0,1,1
correct/reloj_133_aug22.png,0,1,1
correct/reloj_133_aug23.png,0,1,1
correct/reloj_133_aug24.png,0,1,1
correct/reloj_133_aug25.png,0,1,1
correct/reloj_133_aug26.png,0,1,1
correct/reloj_133_aug27.png,0,1,1
correct/reloj_133_aug28.png,0,1,1
correct/reloj_133_aug29.png,0,1,1
correct/reloj_133_aug30.png,0,1,1
correct/reloj_133_aug31.png,0,1,1
correct/reloj_133_aug32.png,0,1,1
correct/reloj_133_aug33.png,0,1,1
correct/reloj_228_aug0.png,0,1,1
correct/reloj_228_aug1.png,0,1,1
correct/reloj_228_aug2.png,0,1,1
correct/reloj_228_aug3.png,0,1,1
correct/reloj_228_aug4.png,0,1,1
correct/reloj_228_aug5.png,0,1,1
correct/reloj_228_aug6.png,0,1,1
correct/reloj_228_aug7.png,0,1,1
correct/reloj_228_aug8.png,0,1,1
correct/reloj_228_aug9.png,0,1,1
correct/reloj_228_aug10.png,0,1,1
correct/reloj_228_aug11.png,0,1,1
correct/reloj_228_aug12.png,0,1,1
correct/reloj_228_aug13.png,0,1,1
correct/reloj_228_aug14.png,0,1,1
correct/reloj_228_aug15.png,0,1,1
correct/reloj_228_aug16.png,0,1,1
correct/reloj_228_aug17.png,0,1,1
correct/reloj_228_aug18.png,0,1,1
correct/reloj_228_aug19.png,0,1,1
correct/reloj_228_aug20.png,0,1,1
correct/reloj_228_aug21.png,0,1,1
correct/reloj_228_aug22.png,0,1,1
correct/reloj_228_aug23.png,0,1,1
correct/reloj_228_aug24.png,0,1,1
correct/reloj_228_aug25.png,0,1,1
correct/reloj_228_aug26.png,0,1,1
correct/reloj_228_aug27.png,0,1,1
correct/reloj_228_aug28.png,0,1,1
correct/reloj_228_aug29.png,0,1,1
correct/reloj_228_aug30.png,0,1,1
correct/reloj_228_aug31.png,0,1,1
correct/reloj_228_aug32.png,0,1,1
correct/reloj_228_aug33.png,0,1,1
correct/reloj_144_aug0.png,0,1,1
correct/reloj_144_aug1.png,0,1,1
correct/reloj_144_aug2.png,0,1,1
correct/reloj_144_aug3.png,0,1,1
correct/reloj_144_aug4.png,0,1,1
correct/reloj_144_aug5.png,0,1,1
correct/reloj_144_aug6.png,0,1,1
correct/reloj_144_aug7.png,0,1,1
correct/reloj_144_aug8.png,0,1,1
correct/reloj_144_aug9.png,0,1,1
correct/reloj_144_aug10.png,0,1,1
correct/reloj_144_aug11.png,0,1,1
correct/reloj_144_aug12.png,0,1,1
correct/reloj_144_aug13.png,0,1,1
correct/reloj_144_aug14.png,0,1,1
correct/reloj_144_aug15.png,0,1,1
correct/reloj_144_aug16.png,0,1,1
correct/reloj_144_aug17.png,0,1,1
correct/reloj_144_aug18.png,0,1,1
correct/reloj_144_aug19.png,0,1,1
correct/reloj_144_aug20.png,0,1,1
correct/reloj_144_aug21.png,0,1,1
correct/reloj_144_aug22.png,0,1,1
correct/reloj_144_aug23.png,0,1,1
correct/reloj_144_aug24.png,0,1,1
correct/reloj_144_aug25.png,0,1,1
correct/reloj_144_aug26.png,0,1,1
correct/reloj_144_aug27.png,0,1,1
correct/reloj_144_aug28.png,0,1,1
correct/reloj_144_aug29.png,0,1,1
correct/reloj_144_aug30.png,0,1,1
correct/reloj_144_aug31.png,0,1,1
correct/reloj_144_aug32.png,0,1,1
correct/reloj_144_aug33.png,0,1,1
correct/reloj_143_aug0.png,0,1,1
correct/reloj_143_aug1.png,0,1,1
correct/reloj_143_aug2.png,0,1,1
correct/reloj_143_aug3.png,0,1,1
correct/reloj_143_aug4.png,0,1,1
correct/reloj_143_aug5.png,0,1,1
correct/reloj_143_aug6.png,0,1,1
correct/reloj_143_aug7.png,0,1,1
correct/reloj_143_aug8.png,0,1,1
correct/reloj_143_aug9.png,0,1,1
correct/reloj_143_aug10.png,0,1,1
correct/reloj_143_aug11.png,0,1,1
correct/reloj_143_aug12.png,0,1,1
correct/reloj_143_aug13.png,0,1,1
correct/reloj_143_aug14.png,0,1,1
correct/reloj_143_aug15.png,0,1,1
correct/reloj_143_aug16.png,0,1,1
correct/reloj_143_aug17.png,0,1,1
correct/reloj_143_aug18.png,0,1,1
correct/reloj_143_aug19.png,0,1,1
correct/reloj_143_aug20.png,0,1,1
correct/reloj_143_aug21.png,0,1,1
correct/reloj_143_aug22.png,0,1,1
correct/reloj_143_aug23.png,0,1,1
correct/reloj_143_aug24.png,0,1,1
correct/reloj_143_aug25.png,0,1,1
correct/reloj_143_aug26.png,0,1,1
correct/reloj_143_aug27.png,0,1,1
correct/reloj_143_aug28.png,0,1,1
correct/reloj_143_aug29.png,0,1,1
correct/reloj_143_aug30.png,0,1,1
correct/reloj_143_aug31.png,0,1,1
correct/reloj_143_aug32.png,0,1,1
correct/reloj_143_aug33.png,0,1,1
correct/reloj_085_aug0.png,0,1,1
correct/reloj_085_aug1.png,0,1,1
correct/reloj_085_aug2.png,0,1,1
correct/reloj_085_aug3.png,0,1,1
correct/reloj_085_aug4.png,0,1,1
correct/reloj_085_aug5.png,0,1,1
correct/reloj_085_aug6.png,0,1,1
correct/reloj_085_aug7.png,0,1,1
correct/reloj_085_aug8.png,0,1,1
correct/reloj_085_aug9.png,0,1,1
correct/reloj_085_aug10.png,0,1,1
correct/reloj_085_aug11.png,0,1,1
correct/reloj_085_aug12.png,0,1,1
correct/reloj_085_aug13.png,0,1,1
correct/reloj_085_aug14.png,0,1,1
correct/reloj_085_aug15.png,0,1,1
correct/reloj_085_aug16.png,0,1,1
correct/reloj_085_aug17.png,0,1,1
correct/reloj_085_aug18.png,0,1,1
correct/reloj_085_aug19.png,0,1,1
correct/reloj_085_aug20.png,0,1,1
correct/reloj_085_aug21.png,0,1,1
correct/reloj_085_aug22.png,0,1,1
correct/reloj_085_aug23.png,0,1,1
correct/reloj_085_aug24.png,0,1,1
correct/reloj_085_aug25.png,0,1,1
correct/reloj_085_aug26.png,0,1,1
correct/reloj_085_aug27.png,0,1,1
correct/reloj_085_aug28.png,0,1,1
correct/reloj_085_aug29.png,0,1,1
correct/reloj_085_aug30.png,0,1,1
correct/reloj_085_aug31.png,0,1,1
correct/reloj_085_aug32.png,0,1,1
correct/reloj_085_aug33.png,0,1,1
correct/reloj_215_aug0.png,0,1,1
correct/reloj_215_aug1.png,0,1,1
correct/reloj_215_aug2.png,0,1,1
correct/reloj_215_aug3.png,0,1,1
correct/reloj_215_aug4.png,0,1,1
correct/reloj_215_aug5.png,0,1,1
correct/reloj_215_aug6.png,0,1,1
correct/reloj_215_aug7.png,0,1,1
correct/reloj_215_aug8.png,0,1,1
correct/reloj_215_aug9.png,0,1,1
correct/reloj_215_aug10.png,0,1,1
correct/reloj_215_aug11.png,0,1,1
correct/reloj_215_aug12.png,0,1,1
correct/reloj_215_aug13.png,0,1,1
correct/reloj_215_aug14.png,0,1,1
correct/reloj_215_aug15.png,0,1,1
correct/reloj_215_aug16.png,0,1,1
correct/reloj_215_aug17.png,0,1,1
correct/reloj_215_aug18.png,0,1,1
correct/reloj_215_aug19.png,0,1,1
correct/reloj_215_aug20.png,0,1,1
correct/reloj_215_aug21.png,0,1,1
correct/reloj_215_aug22.png,0,1,1
correct/reloj_215_aug23.png,0,1,1
correct/reloj_215_aug24.png,0,1,1
correct/reloj_215_aug25.png,0,1,1
correct/reloj_215_aug26.png,0,1,1
correct/reloj_215_aug27.png,0,1,1
correct/reloj_215_aug28.png,0,1,1
correct/reloj_215_aug29.png,0,1,1
correct/reloj_215_aug30.png,0,1,1
correct/reloj_215_aug31.png,0,1,1
correct/reloj_215_aug32.png,0,1,1
correct/reloj_215_aug33.png,0,1,1
correct/reloj_126_aug0.png,0,1,1
correct/reloj_126_aug1.png,0,1,1
correct/reloj_126_aug2.png,0,1,1
correct/reloj_126_aug3.png,0,1,1
correct/reloj_126_aug4.png,0,1,1
correct/reloj_126_aug5.png,0,1,1
correct/reloj_126_aug6.png,0,1,1
correct/reloj_126_aug7.png,0,1,1
correct/reloj_126_aug8.png,0,1,1
correct/reloj_126_aug9.png,0,1,1
correct/reloj_126_aug10.png,0,1,1
correct/reloj_126_aug11.png,0,1,1
correct/reloj_126_aug12.png,0,1,1
correct/reloj_126_aug13.png,0,1,1
correct/reloj_126_aug14.png,0,1,1
correct/reloj_126_aug15.png,0,1,1
correct/reloj_126_aug16.png,0,1,1
correct/reloj_126_aug17.png,0,1,1
correct/reloj_126_aug18.png,0,1,1
correct/reloj_126_aug19.png,0,1,1
correct/reloj_126_aug20.png,0,1,1
correct/reloj_126_aug21.png,0,1,1
correct/reloj_126_aug22.png,0,1,1
correct/reloj_126_aug23.png,0,1,1
correct/reloj_126_aug24.png,0,1,1
correct/reloj_126_aug25.png,0,1,1
correct/reloj_126_aug26.png,0,1,1
correct/reloj_126_aug27.png,0,1,1
correct/reloj_126_aug28.png,0,1,1
correct/reloj_126_aug29.png,0,1,1
correct/reloj_126_aug30.png,0,1,1
correct/reloj_126_aug31.png,0,1,1
correct/reloj_126_aug32.png,0,1,1
correct/reloj_126_aug33.png,0,1,1
correct/reloj_092_aug0.png,0,1,1
correct/reloj_092_aug1.png,0,1,1
correct/reloj_092_aug2.png,0,1,1
correct/reloj_092_aug3.png,0,1,1
correct/reloj_092_aug4.png,0,1,1
correct/reloj_092_aug5.png,0,1,1
correct/reloj_092_aug6.png,0,1,1
correct/reloj_092_aug7.png,0,1,1
correct/reloj_092_aug8.png,0,1,1
correct/reloj_092_aug9.png,0,1,1
correct/reloj_092_aug10.png,0,1,1
correct/reloj_092_aug11.png,0,1,1
correct/reloj_092_aug12.png,0,1,1
correct/reloj_092_aug13.png,0,1,1
correct/reloj_092_aug14.png,0,1,1
correct/reloj_092_aug15.png,0,1,1
correct/reloj_092_aug16.png,0,1,1
correct/reloj_092_aug17.png,0,1,1
correct/reloj_092_aug18.png,0,1,1
correct/reloj_092_aug19.png,0,1,1
correct/reloj_092_aug20.png,0,1,1
correct/reloj_092_aug21.png,0,1,1
correct/reloj_092_aug22.png,0,1,1
correct/reloj_092_aug23.png,0,1,1
correct/reloj_092_aug24.png,0,1,1
correct/reloj_092_aug25.png,0,1,1
correct/reloj_092_aug26.png,0,1,1
correct/reloj_092_aug27.png,0,1,1
correct/reloj_092_aug28.png,0,1,1
correct/reloj_092_aug29.png,0,1,1
correct/reloj_092_aug30.png,0,1,1
correct/reloj_092_aug31.png,0,1,1
correct/reloj_092_aug32.png,0,1,1
correct/reloj_092_aug33.png,0,1,1
correct/reloj_076_aug0.png,0,1,1
correct/reloj_076_aug1.png,0,1,1
correct/reloj_076_aug2.png,0,1,1
correct/reloj_076_aug3.png,0,1,1
correct/reloj_076_aug4.png,0,1,1
correct/reloj_076_aug5.png,0,1,1
correct/reloj_076_aug6.png,0,1,1
correct/reloj_076_aug7.png,0,1,1
correct/reloj_076_aug8.png,0,1,1
correct/reloj_076_aug9.png,0,1,1
correct/reloj_076_aug10.png,0,1,1
correct/reloj_076_aug11.png,0,1,1
correct/reloj_076_aug12.png,0,1,1
correct/reloj_076_aug13.png,0,1,1
correct/reloj_076_aug14.png,0,1,1
correct/reloj_076_aug15.png,0,1,1
correct/reloj_076_aug16.png,0,1,1
correct/reloj_076_aug17.png,0,1,1
correct/reloj_076_aug18.png,0,1,1
correct/reloj_076_aug19.png,0,1,1
correct/reloj_076_aug20.png,0,1,1
correct/reloj_076_aug21.png,0,1,1
correct/reloj_076_aug22.png,0,1,1
correct/reloj_076_aug23.png,0,1,1
correct/reloj_076_aug24.png,0,1,1
correct/reloj_076_aug25.png,0,1,1
correct/reloj_076_aug26.png,0,1,1
correct/reloj_076_aug27.png,0,1,1
correct/reloj_076_aug28.png,0,1,1
correct/reloj_076_aug29.png,0,1,1
correct/reloj_076_aug30.png,0,1,1
correct/reloj_076_aug31.png,0,1,1
correct/reloj_076_aug32.png,0,1,1
correct/reloj_076_aug33.png,0,1,1
correct/reloj_024_aug0.png,0,1,1
correct/reloj_024_aug1.png,0,1,1
correct/reloj_024_aug2.png,0,1,1
correct/reloj_024_aug3.png,0,1,1
correct/reloj_024_aug4.png,0,1,1
correct/reloj_024_aug5.png,0,1,1
correct/reloj_024_aug6.png,0,1,1
correct/reloj_024_aug7.png,0,1,1
correct/reloj_024_aug8.png,0,1,1
correct/reloj_024_aug9.png,0,1,1
correct/reloj_024_aug10.png,0,1,1
correct/reloj_024_aug11.png,0,1,1
correct/reloj_024_aug12.png,0,1,1
correct/reloj_024_aug13.png,0,1,1
correct/reloj_024_aug14.png,0,1,1
correct/reloj_024_aug15.png,0,1,1
correct/reloj_024_aug16.png,0,1,1
correct/reloj_024_aug17.png,0,1,1
correct/reloj_024_aug18.png,0,1,1
correct/reloj_024_aug19.png,0,1,1
correct/reloj_024_aug20.png,0,1,1
correct/reloj_024_aug21.png,0,1,1
correct/reloj_024_aug22.png,0,1,1
correct/reloj_024_aug23.png,0,1,1
correct/reloj_024_aug24.png,0,1,1
correct/reloj_024_aug25.png,0,1,1
correct/reloj_024_aug26.png,0,1,1
correct/reloj_024_aug27.png,0,1,1
correct/reloj_024_aug28.png,0,1,1
correct/reloj_024_aug29.png,0,1,1
correct/reloj_024_aug30.png,0,1,1
correct/reloj_024_aug31.png,0,1,1
correct/reloj_024_aug32.png,0,1,1
correct/reloj_024_aug33.png,0,1,1
correct/reloj_087_aug0.png,0,1,1
correct/reloj_087_aug1.png,0,1,1
correct/reloj_087_aug2.png,0,1,1
correct/reloj_087_aug3.png,0,1,1
correct/reloj_087_aug4.png,0,1,1
correct/reloj_087_aug5.png,0,1,1
correct/reloj_087_aug6.png,0,1,1
correct/reloj_087_aug7.png,0,1,1
correct/reloj_087_aug8.png,0,1,1
correct/reloj_087_aug9.png,0,1,1
correct/reloj_087_aug10.png,0,1,1
correct/reloj_087_aug11.png,0,1,1
correct/reloj_087_aug12.png,0,1,1
correct/reloj_087_aug13.png,0,1,1
correct/reloj_087_aug14.png,0,1,1
correct/reloj_087_aug15.png,0,1,1
correct/reloj_087_aug16.png,0,1,1
correct/reloj_087_aug17.png,0,1,1
correct/reloj_087_aug18.png,0,1,1
correct/reloj_087_aug19.png,0,1,1
correct/reloj_087_aug20.png,0,1,1
correct/reloj_087_aug21.png,0,1,1
correct/reloj_087_aug22.png,0,1,1
correct/reloj_087_aug23.png,0,1,1
correct/reloj_087_aug24.png,0,1,1
correct/reloj_087_aug25.png,0,1,1
correct/reloj_087_aug26.png,0,1,1
correct/reloj_087_aug27.png,0,1,1
correct/reloj_087_aug28.png,0,1,1
correct/reloj_087_aug29.png,0,1,1
correct/reloj_087_aug30.png,0,1,1
correct/reloj_087_aug31.png,0,1,1
correct/reloj_087_aug32.png,0,1,1
correct/reloj_087_aug33.png,0,1,1
correct/reloj_217_aug0.png,0,1,1
correct/reloj_217_aug1.png,0,1,1
correct/reloj_217_aug2.png,0,1,1
correct/reloj_217_aug3.png,0,1,1
correct/reloj_217_aug4.png,0,1,1
correct/reloj_217_aug5.png,0,1,1
correct/reloj_217_aug6.png,0,1,1
correct/reloj_217_aug7.png,0,1,1
correct/reloj_217_aug8.png,0,1,1
correct/reloj_217_aug9.png,0,1,1
correct/reloj_217_aug10.png,0,1,1
correct/reloj_217_aug11.png,0,1,1
correct/reloj_217_aug12.png,0,1,1
correct/reloj_217_aug13.png,0,1,1
correct/reloj_217_aug14.png,0,1,1
correct/reloj_217_aug15.png,0,1,1
correct/reloj_217_aug16.png,0,1,1
correct/reloj_217_aug17.png,0,1,1
correct/reloj_217_aug18.png,0,1,1
correct/reloj_217_aug19.png,0,1,1
correct/reloj_217_aug20.png,0,1,1
correct/reloj_217_aug21.png,0,1,1
correct/reloj_217_aug22.png,0,1,1
correct/reloj_217_aug23.png,0,1,1
correct/reloj_217_aug24.png,0,1,1
correct/reloj_217_aug25.png,0,1,1
correct/reloj_217_aug26.png,0,1,1
correct/reloj_217_aug27.png,0,1,1
correct/reloj_217_aug28.png,0,1,1
correct/reloj_217_aug29.png,0,1,1
correct/reloj_217_aug30.png,0,1,1
correct/reloj_217_aug31.png,0,1,1
correct/reloj_217_aug32.png,0,1,1
correct/reloj_217_aug33.png,0,1,1
correct/reloj_214_aug0.png,0,1,1
correct/reloj_214_aug1.png,0,1,1
correct/reloj_214_aug2.png,0,1,1
correct/reloj_214_aug3.png,0,1,1
correct/reloj_214_aug4.png,0,1,1
correct/reloj_214_aug5.png,0,1,1
correct/reloj_214_aug6.png,0,1,1
correct/reloj_214_aug7.png,0,1,1
correct/reloj_214_aug8.png,0,1,1
correct/reloj_214_aug9.png,0,1,1
correct/reloj_214_aug10.png,0,1,1
correct/reloj_214_aug11.png,0,1,1
correct/reloj_214_aug12.png,0,1,1
correct/reloj_214_aug13.png,0,1,1
correct/reloj_214_aug14.png,0,1,1
correct/reloj_214_aug15.png,0,1,1
correct/reloj_214_aug16.png,0,1,1
correct/reloj_214_aug17.png,0,1,1
correct/reloj_214_aug18.png,0,1,1
correct/reloj_214_aug19.png,0,1,1
correct/reloj_214_aug20.png,0,1,1
correct/reloj_214_aug21.png,0,1,1
correct/reloj_214_aug22.png,0,1,1
correct/reloj_214_aug23.png,0,1,1
correct/reloj_214_aug24.png,0,1,1
correct/reloj_214_aug25.png,0,1,1
correct/reloj_214_aug26.png,0,1,1
correct/reloj_214_aug27.png,0,1,1
correct/reloj_214_aug28.png,0,1,1
correct/reloj_214_aug29.png,0,1,1
correct/reloj_214_aug30.png,0,1,1
correct/reloj_214_aug31.png,0,1,1
correct/reloj_214_aug32.png,0,1,1
correct/reloj_214_aug33.png,0,1,1
correct/reloj_142_aug0.png,0,1,1
correct/reloj_142_aug1.png,0,1,1
correct/reloj_142_aug2.png,0,1,1
correct/reloj_142_aug3.png,0,1,1
correct/reloj_142_aug4.png,0,1,1
correct/reloj_142_aug5.png,0,1,1
correct/reloj_142_aug6.png,0,1,1
correct/reloj_142_aug7.png,0,1,1
correct/reloj_142_aug8.png,0,1,1
correct/reloj_142_aug9.png,0,1,1
correct/reloj_142_aug10.png,0,1,1
correct/reloj_142_aug11.png,0,1,1
correct/reloj_142_aug12.png,0,1,1
correct/reloj_142_aug13.png,0,1,1
correct/reloj_142_aug14.png,0,1,1
correct/reloj_142_aug15.png,0,1,1
correct/reloj_142_aug16.png,0,1,1
correct/reloj_142_aug17.png,0,1,1
correct/reloj_142_aug18.png,0,1,1
correct/reloj_142_aug19.png,0,1,1
correct/reloj_142_aug20.png,0,1,1
correct/reloj_142_aug21.png,0,1,1
correct/reloj_142_aug22.png,0,1,1
correct/reloj_142_aug23.png,0,1,1
correct/reloj_142_aug24.png,0,1,1
correct/reloj_142_aug25.png,0,1,1
correct/reloj_142_aug26.png,0,1,1
correct/reloj_142_aug27.png,0,1,1
correct/reloj_142_aug28.png,0,1,1
correct/reloj_142_aug29.png,0,1,1
correct/reloj_142_aug30.png,0,1,1
correct/reloj_142_aug31.png,0,1,1
correct/reloj_142_aug32.png,0,1,1
correct/reloj_142_aug33.png,0,1,1
correct/reloj_137_aug0.png,0,1,1
correct/reloj_137_aug1.png,0,1,1
correct/reloj_137_aug2.png,0,1,1
correct/reloj_137_aug3.png,0,1,1
correct/reloj_137_aug4.png,0,1,1
correct/reloj_137_aug5.png,0,1,1
correct/reloj_137_aug6.png,0,1,1
correct/reloj_137_aug7.png,0,1,1
correct/reloj_137_aug8.png,0,1,1
correct/reloj_137_aug9.png,0,1,1
correct/reloj_137_aug10.png,0,1,1
correct/reloj_137_aug11.png,0,1,1
correct/reloj_137_aug12.png,0,1,1
correct/reloj_137_aug13.png,0,1,1
correct/reloj_137_aug14.png,0,1,1
correct/reloj_137_aug15.png,0,1,1
correct/reloj_137_aug16.png,0,1,1
correct/reloj_137_aug17.png,0,1,1
correct/reloj_137_aug18.png,0,1,1
correct/reloj_137_aug19.png,0,1,1
correct/reloj_137_aug20.png,0,1,1
correct/reloj_137_aug21.png,0,1,1
correct/reloj_137_aug22.png,0,1,1
correct/reloj_137_aug23.png,0,1,1
correct/reloj_137_aug24.png,0,1,1
correct/reloj_137_aug25.png,0,1,1
correct/reloj_137_aug26.png,0,1,1
correct/reloj_137_aug27.png,0,1,1
correct/reloj_137_aug28.png,0,1,1
correct/reloj_137_aug29.png,0,1,1
correct/reloj_137_aug30.png,0,1,1
correct/reloj_137_aug31.png,0,1,1
correct/reloj_137_aug32.png,0,1,1
correct/reloj_137_aug33.png,0,1,1
correct/reloj_127_aug0.png,0,1,1
correct/reloj_127_aug1.png,0,1,1
correct/reloj_127_aug2.png,0,1,1
correct/reloj_127_aug3.png,0,1,1
correct/reloj_127_aug4.png,0,1,1
correct/reloj_127_aug5.png,0,1,1
correct/reloj_127_aug6.png,0,1,1
correct/reloj_127_aug7.png,0,1,1
correct/reloj_127_aug8.png,0,1,1
correct/reloj_127_aug9.png,0,1,1
correct/reloj_127_aug10.png,0,1,1
correct/reloj_127_aug11.png,0,1,1
correct/reloj_127_aug12.png,0,1,1
correct/reloj_127_aug13.png,0,1,1
correct/reloj_127_aug14.png,0,1,1
correct/reloj_127_aug15.png,0,1,1
correct/reloj_127_aug16.png,0,1,1
correct/reloj_127_aug17.png,0,1,1
correct/reloj_127_aug18.png,0,1,1
correct/reloj_127_aug19.png,0,1,1
correct/reloj_127_aug20.png,0,1,1
correct/reloj_127_aug21.png,0,1,1
correct/reloj_127_aug22.png,0,1,1
correct/reloj_127_aug23.png,0,1,1
correct/reloj_127_aug24.png,0,1,1
correct/reloj_127_aug25.png,0,1,1
correct/reloj_127_aug26.png,0,1,1
correct/reloj_127_aug27.png,0,1,1
correct/reloj_127_aug28.png,0,1,1
correct/reloj_127_aug29.png,0,1,1
correct/reloj_127_aug30.png,0,1,1
correct/reloj_127_aug31.png,0,1,1
correct/reloj_127_aug32.png,0,1,1
correct/reloj_127_aug33.png,0,1,1
correct/reloj_128_aug0.png,0,1,1
correct/reloj_128_aug1.png,0,1,1
correct/reloj_128_aug2.png,0,1,1
correct/reloj_128_aug3.png,0,1,1
correct/reloj_128_aug4.png,0,1,1
correct/reloj_128_aug5.png,0,1,1
correct/reloj_128_aug6.png,0,1,1
correct/reloj_128_aug7.png,0,1,1
correct/reloj_128_aug8.png,0,1,1
correct/reloj_128_aug9.png,0,1,1
correct/reloj_128_aug10.png,0,1,1
correct/reloj_128_aug11.png,0,1,1
correct/reloj_128_aug12.png,0,1,1
correct/reloj_128_aug13.png,0,1,1
correct/reloj_128_aug14.png,0,1,1
correct/reloj_128_aug15.png,0,1,1
correct/reloj_128_aug16.png,0,1,1
correct/reloj_128_aug17.png,0,1,1
correct/reloj_128_aug18.png,0,1,1
correct/reloj_128_aug19.png,0,1,1
correct/reloj_128_aug20.png,0,1,1
correct/reloj_128_aug21.png,0,1,1
correct/reloj_128_aug22.png,0,1,1
correct/reloj_128_aug23.png,0,1,1
correct/reloj_128_aug24.png,0,1,1
correct/reloj_128_aug25.png,0,1,1
correct/reloj_128_aug26.png,0,1,1
correct/reloj_128_aug27.png,0,1,1
correct/reloj_128_aug28.png,0,1,1
correct/reloj_128_aug29.png,0,1,1
correct/reloj_128_aug30.png,0,1,1
correct/reloj_128_aug31.png,0,1,1
correct/reloj_128_aug32.png,0,1,1
correct/reloj_128_aug33.png,0,1,1
correct/reloj_229_aug0.png,0,1,1
correct/reloj_229_aug1.png,0,1,1
correct/reloj_229_aug2.png,0,1,1
correct/reloj_229_aug3.png,0,1,1
correct/reloj_229_aug4.png,0,1,1
correct/reloj_229_aug5.png,0,1,1
correct/reloj_229_aug6.png,0,1,1
correct/reloj_229_aug7.png,0,1,1
correct/reloj_229_aug8.png,0,1,1
correct/reloj_229_aug9.png,0,1,1
correct/reloj_229_aug10.png,0,1,1
correct/reloj_229_aug11.png,0,1,1
correct/reloj_229_aug12.png,0,1,1
correct/reloj_229_aug13.png,0,1,1
correct/reloj_229_aug14.png,0,1,1
correct/reloj_229_aug15.png,0,1,1
correct/reloj_229_aug16.png,0,1,1
correct/reloj_229_aug17.png,0,1,1
correct/reloj_229_aug18.png,0,1,1
correct/reloj_229_aug19.png,0,1,1
correct/reloj_229_aug20.png,0,1,1
correct/reloj_229_aug21.png,0,1,1
correct/reloj_229_aug22.png,0,1,1
correct/reloj_229_aug23.png,0,1,1
correct/reloj_229_aug24.png,0,1,1
correct/reloj_229_aug25.png,0,1,1
correct/reloj_229_aug26.png,0,1,1
correct/reloj_229_aug27.png,0,1,1
correct/reloj_229_aug28.png,0,1,1
correct/reloj_229_aug29.png,0,1,1
correct/reloj_229_aug30.png,0,1,1
correct/reloj_229_aug31.png,0,1,1
correct/reloj_229_aug32.png,0,1,1
correct/reloj_229_aug33.png,0,1,1
correct/reloj_091_aug0.png,0,1,1
correct/reloj_091_aug1.png,0,1,1
correct/reloj_091_aug2.png,0,1,1
correct/reloj_091_aug3.png,0,1,1
correct/reloj_091_aug4.png,0,1,1
correct/reloj_091_aug5.png,0,1,1
correct/reloj_091_aug6.png,0,1,1
correct/reloj_091_aug7.png,0,1,1
correct/reloj_091_aug8.png,0,1,1
correct/reloj_091_aug9.png,0,1,1
correct/reloj_091_aug10.png,0,1,1
correct/reloj_091_aug11.png,0,1,1
correct/reloj_091_aug12.png,0,1,1
correct/reloj_091_aug13.png,0,1,1
correct/reloj_091_aug14.png,0,1,1
correct/reloj_091_aug15.png,0,1,1
correct/reloj_091_aug16.png,0,1,1
correct/reloj_091_aug17.png,0,1,1
correct/reloj_091_aug18.png,0,1,1
correct/reloj_091_aug19.png,0,1,1
correct/reloj_091_aug20.png,0,1,1
correct/reloj_091_aug21.png,0,1,1
correct/reloj_091_aug22.png,0,1,1
correct/reloj_091_aug23.png,0,1,1
correct/reloj_091_aug24.png,0,1,1
correct/reloj_091_aug25.png,0,1,1
correct/reloj_091_aug26.png,0,1,1
correct/reloj_091_aug27.png,0,1,1
correct/reloj_091_aug28.png,0,1,1
correct/reloj_091_aug29.png,0,1,1
correct/reloj_091_aug30.png,0,1,1
correct/reloj_091_aug31.png,0,1,1
correct/reloj_091_aug32.png,0,1,1
correct/reloj_091_aug33.png,0,1,1
correct/reloj_081_aug0.png,0,1,1
correct/reloj_081_aug1.png,0,1,1
correct/reloj_081_aug2.png,0,1,1
correct/reloj_081_aug3.png,0,1,1
correct/reloj_081_aug4.png,0,1,1
correct/reloj_081_aug5.png,0,1,1
correct/reloj_081_aug6.png,0,1,1
correct/reloj_081_aug7.png,0,1,1
correct/reloj_081_aug8.png,0,1,1
correct/reloj_081_aug9.png,0,1,1
correct/reloj_081_aug10.png,0,1,1
correct/reloj_081_aug11.png,0,1,1
correct/reloj_081_aug12.png,0,1,1
correct/reloj_081_aug13.png,0,1,1
correct/reloj_081_aug14.png,0,1,1
correct/reloj_081_aug15.png,0,1,1
correct/reloj_081_aug16.png,0,1,1
correct/reloj_081_aug17.png,0,1,1
correct/reloj_081_aug18.png,0,1,1
correct/reloj_081_aug19.png,0,1,1
correct/reloj_081_aug20.png,0,1,1
correct/reloj_081_aug21.png,0,1,1
correct/reloj_081_aug22.png,0,1,1
correct/reloj_081_aug23.png,0,1,1
correct/reloj_081_aug24.png,0,1,1
correct/reloj_081_aug25.png,0,1,1
correct/reloj_081_aug26.png,0,1,1
correct/reloj_081_aug27.png,0,1,1
correct/reloj_081_aug28.png,0,1,1
correct/reloj_081_aug29.png,0,1,1
correct/reloj_081_aug30.png,0,1,1
correct/reloj_081_aug31.png,0,1,1
correct/reloj_081_aug32.png,0,1,1
correct/reloj_081_aug33.png,0,1,1
correct/reloj_023_aug0.png,0,1,1
correct/reloj_023_aug1.png,0,1,1
correct/reloj_023_aug2.png,0,1,1
correct/reloj_023_aug3.png,0,1,1
correct/reloj_023_aug4.png,0,1,1
correct/reloj_023_aug5.png,0,1,1
correct/reloj_023_aug6.png,0,1,1
correct/reloj_023_aug7.png,0,1,1
correct/reloj_023_aug8.png,0,1,1
correct/reloj_023_aug9.png,0,1,1
correct/reloj_023_aug10.png,0,1,1
correct/reloj_023_aug11.png,0,1,1
correct/reloj_023_aug12.png,0,1,1
correct/reloj_023_aug13.png,0,1,1
correct/reloj_023_aug14.png,0,1,1
correct/reloj_023_aug15.png,0,1,1
correct/reloj_023_aug16.png,0,1,1
correct/reloj_023_aug17.png,0,1,1
correct/reloj_023_aug18.png,0,1,1
correct/reloj_023_aug19.png,0,1,1
correct/reloj_023_aug20.png,0,1,1
correct/reloj_023_aug21.png,0,1,1
correct/reloj_023_aug22.png,0,1,1
correct/reloj_023_aug23.png,0,1,1
correct/reloj_023_aug24.png,0,1,1
correct/reloj_023_aug25.png,0,1,1
correct/reloj_023_aug26.png,0,1,1
correct/reloj_023_aug27.png,0,1,1
correct/reloj_023_aug28.png,0,1,1
correct/reloj_023_aug29.png,0,1,1
correct/reloj_023_aug30.png,0,1,1
correct/reloj_023_aug31.png,0,1,1
correct/reloj_023_aug32.png,0,1,1
correct/reloj_023_aug33.png,0,1,1
correct/reloj_033_aug0.png,0,1,1
correct/reloj_033_aug1.png,0,1,1
correct/reloj_033_aug2.png,0,1,1
correct/reloj_033_aug3.png,0,1,1
correct/reloj_033_aug4.png,0,1,1
correct/reloj_033_aug5.png,0,1,1
correct/reloj_033_aug6.png,0,1,1
correct/reloj_033_aug7.png,0,1,1
correct/reloj_033_aug8.png,0,1,1
correct/reloj_033_aug9.png,0,1,1
correct/reloj_033_aug10.png,0,1,1
correct/reloj_033_aug11.png,0,1,1
correct/reloj_033_aug12.png,0,1,1
correct/reloj_033_aug13.png,0,1,1
correct/reloj_033_aug14.png,0,1,1
correct/reloj_033_aug15.png,0,1,1
correct/reloj_033_aug16.png,0,1,1
correct/reloj_033_aug17.png,0,1,1
correct/reloj_033_aug18.png,0,1,1
correct/reloj_033_aug19.png,0,1,1
correct/reloj_033_aug20.png,0,1,1
correct/reloj_033_aug21.png,0,1,1
correct/reloj_033_aug22.png,0,1,1
correct/reloj_033_aug23.png,0,1,1
correct/reloj_033_aug24.png,0,1,1
correct/reloj_033_aug25.png,0,1,1
correct/reloj_033_aug26.png,0,1,1
correct/reloj_033_aug27.png,0,1,1
correct/reloj_033_aug28.png,0,1,1
correct/reloj_033_aug29.png,0,1,1
correct/reloj_033_aug30.png,0,1,1
correct/reloj_033_aug31.png,0,1,1
correct/reloj_033_aug32.png,0,1,1
correct/reloj_033_aug33.png,0,1,1
correct/reloj_022_aug0.png,0,1,1
correct/reloj_022_aug1.png,0,1,1
correct/reloj_022_aug2.png,0,1,1
correct/reloj_022_aug3.png,0,1,1
correct/reloj_022_aug4.png,0,1,1
correct/reloj_022_aug5.png,0,1,1
correct/reloj_022_aug6.png,0,1,1
correct/reloj_022_aug7.png,0,1,1
correct/reloj_022_aug8.png,0,1,1
correct/reloj_022_aug9.png,0,1,1
correct/reloj_022_aug10.png,0,1,1
correct/reloj_022_aug11.png,0,1,1
correct/reloj_022_aug12.png,0,1,1
correct/reloj_022_aug13.png,0,1,1
correct/reloj_022_aug14.png,0,1,1
correct/reloj_022_aug15.png,0,1,1
correct/reloj_022_aug16.png,0,1,1
correct/reloj_022_aug17.png,0,1,1
correct/reloj_022_aug18.png,0,1,1
correct/reloj_022_aug19.png,0,1,1
correct/reloj_022_aug20.png,0,1,1
correct/reloj_022_aug21.png,0,1,1
correct/reloj_022_aug22.png,0,1,1
correct/reloj_022_aug23.png,0,1,1
correct/reloj_022_aug24.png,0,1,1
correct/reloj_022_aug25.png,0,1,1
correct/reloj_022_aug26.png,0,1,1
correct/reloj_022_aug27.png,0,1,1
correct/reloj_022_aug28.png,0,1,1
correct/reloj_022_aug29.png,0,1,1
correct/reloj_022_aug30.png,0,1,1
correct/reloj_022_aug31.png,0,1,1
correct/reloj_022_aug32.png,0,1,1
correct/reloj_022_aug33.png,0,1,1
correct/reloj_039_aug0.png,0,1,1
correct/reloj_039_aug1.png,0,1,1
correct/reloj_039_aug2.png,0,1,1
correct/reloj_039_aug3.png,0,1,1
correct/reloj_039_aug4.png,0,1,1
correct/reloj_039_aug5.png,0,1,1
correct/reloj_039_aug6.png,0,1,1
correct/reloj_039_aug7.png,0,1,1
correct/reloj_039_aug8.png,0,1,1
correct/reloj_039_aug9.png,0,1,1
correct/reloj_039_aug10.png,0,1,1
correct/reloj_039_aug11.png,0,1,1
correct/reloj_039_aug12.png,0,1,1
correct/reloj_039_aug13.png,0,1,1
correct/reloj_039_aug14.png,0,1,1
correct/reloj_039_aug15.png,0,1,1
correct/reloj_039_aug16.png,0,1,1
correct/reloj_039_aug17.png,0,1,1
correct/reloj_039_aug18.png,0,1,1
correct/reloj_039_aug19.png,0,1,1
correct/reloj_039_aug20.png,0,1,1
correct/reloj_039_aug21.png,0,1,1
correct/reloj_039_aug22.png,0,1,1
correct/reloj_039_aug23.png,0,1,1
correct/reloj_039_aug24.png,0,1,1
correct/reloj_039_aug25.png,0,1,1
correct/reloj_039_aug26.png,0,1,1
correct/reloj_039_aug27.png,0,1,1
correct/reloj_039_aug28.png,0,1,1
correct/reloj_039_aug29.png,0,1,1
correct/reloj_039_aug30.png,0,1,1
correct/reloj_039_aug31.png,0,1,1
correct/reloj_039_aug32.png,0,1,1
correct/reloj_039_aug33.png,0,1,1
correct/reloj_038_aug0.png,0,1,1
correct/reloj_038_aug1.png,0,1,1
correct/reloj_038_aug2.png,0,1,1
correct/reloj_038_aug3.png,0,1,1
correct/reloj_038_aug4.png,0,1,1
correct/reloj_038_aug5.png,0,1,1
correct/reloj_038_aug6.png,0,1,1
correct/reloj_038_aug7.png,0,1,1
correct/reloj_038_aug8.png,0,1,1
correct/reloj_038_aug9.png,0,1,1
correct/reloj_038_aug10.png,0,1,1
correct/reloj_038_aug11.png,0,1,1
correct/reloj_038_aug12.png,0,1,1
correct/reloj_038_aug13.png,0,1,1
correct/reloj_038_aug14.png,0,1,1
correct/reloj_038_aug15.png,0,1,1
correct/reloj_038_aug16.png,0,1,1
correct/reloj_038_aug17.png,0,1,1
correct/reloj_038_aug18.png,0,1,1
correct/reloj_038_aug19.png,0,1,1
correct/reloj_038_aug20.png,0,1,1
correct/reloj_038_aug21.png,0,1,1
correct/reloj_038_aug22.png,0,1,1
correct/reloj_038_aug23.png,0,1,1
correct/reloj_038_aug24.png,0,1,1
correct/reloj_038_aug25.png,0,1,1
correct/reloj_038_aug26.png,0,1,1
correct/reloj_038_aug27.png,0,1,1
correct/reloj_038_aug28.png,0,1,1
correct/reloj_038_aug29.png,0,1,1
correct/reloj_038_aug30.png,0,1,1
correct/reloj_038_aug31.png,0,1,1
correct/reloj_038_aug32.png,0,1,1
correct/reloj_038_aug33.png,0,1,1
correct/reloj_216_aug0.png,0,1,1
correct/reloj_216_aug1.png,0,1,1
correct/reloj_216_aug2.png,0,1,1
correct/reloj_216_aug3.png,0,1,1
correct/reloj_216_aug4.png,0,1,1
correct/reloj_216_aug5.png,0,1,1
correct/reloj_216_aug6.png,0,1,1
correct/reloj_216_aug7.png,0,1,1
correct/reloj_216_aug8.png,0,1,1
correct/reloj_216_aug9.png,0,1,1
correct/reloj_216_aug10.png,0,1,1
correct/reloj_216_aug11.png,0,1,1
correct/reloj_216_aug12.png,0,1,1
correct/reloj_216_aug13.png,0,1,1
correct/reloj_216_aug14.png,0,1,1
correct/reloj_216_aug15.png,0,1,1
correct/reloj_216_aug16.png,0,1,1
correct/reloj_216_aug17.png,0,1,1
correct/reloj_216_aug18.png,0,1,1
correct/reloj_216_aug19.png,0,1,1
correct/reloj_216_aug20.png,0,1,1
correct/reloj_216_aug21.png,0,1,1
correct/reloj_216_aug22.png,0,1,1
correct/reloj_216_aug23.png,0,1,1
correct/reloj_216_aug24.png,0,1,1
correct/reloj_216_aug25.png,0,1,1
correct/reloj_216_aug26.png,0,1,1
correct/reloj_216_aug27.png,0,1,1
correct/reloj_216_aug28.png,0,1,1
correct/reloj_216_aug29.png,0,1,1
correct/reloj_216_aug30.png,0,1,1
correct/reloj_216_aug31.png,0,1,1
correct/reloj_216_aug32.png,0,1,1
correct/reloj_216_aug33.png,0,1,1
correct/reloj_099_aug0.png,1,1,0
correct/reloj_099_aug1.png,1,1,0
correct/reloj_099_aug2.png,1,1,0
correct/reloj_099_aug3.png,1,1,0
correct/reloj_099_aug4.png,1,1,0
correct/reloj_099_aug5.png,1,1,0
correct/reloj_099_aug6.png,1,1,0
correct/reloj_099_aug7.png,1,1,0
correct/reloj_099_aug8.png,1,1,0
correct/reloj_099_aug9.png,1,1,0
correct/reloj_099_aug10.png,1,1,0
correct/reloj_099_aug11.png,1,1,0
correct/reloj_099_aug12.png,1,1,0
correct/reloj_099_aug13.png,1,1,0
correct/reloj_099_aug14.png,1,1,0
correct/reloj_099_aug15.png,1,1,0
correct/reloj_099_aug16.png,1,1,0
correct/reloj_099_aug17.png,1,1,0
correct/reloj_099_aug18.png,1,1,0
correct/reloj_099_aug19.png,1,1,0
correct/reloj_099_aug20.png,1,1,0
correct/reloj_099_aug21.png,1,1,0
correct/reloj_099_aug22.png,1,1,0
correct/reloj_099_aug23.png,1,1,0
correct/reloj_099_aug24.png,1,1,0
correct/reloj_099_aug25.png,1,1,0
correct/reloj_099_aug26.png,1,1,0
correct/reloj_099_aug27.png,1,1,0
correct/reloj_099_aug28.png,1,1,0
correct/reloj_099_aug29.png,1,1,0
correct/reloj_099_aug30.png,1,1,0
correct/reloj_099_aug31.png,1,1,0
correct/reloj_099_aug32.png,1,1,0
correct/reloj_099_aug33.png,1,1,0
correct/reloj_099_aug34.png,1,1,0
correct/reloj_099_aug35.png,1,1,0
correct/reloj_099_aug36.png,1,1,0
correct/reloj_099_aug37.png,1,1,0
correct/reloj_099_aug38.png,1,1,0
correct/reloj_099_aug39.png,1,1,0
correct/reloj_099_aug40.png,1,1,0
correct/reloj_099_aug41.png,1,1,0
correct/reloj_098_aug0.png,1,1,0
correct/reloj_098_aug1.png,1,1,0
correct/reloj_098_aug2.png,1,1,0
correct/reloj_098_aug3.png,1,1,0
correct/reloj_098_aug4.png,1,1,0
correct/reloj_098_aug5.png,1,1,0
correct/reloj_098_aug6.png,1,1,0
correct/reloj_098_aug7.png,1,1,0
correct/reloj_098_aug8.png,1,1,0
correct/reloj_098_aug9.png,1,1,0
correct/reloj_098_aug10.png,1,1,0
correct/reloj_098_aug11.png,1,1,0
correct/reloj_098_aug12.png,1,1,0
correct/reloj_098_aug13.png,1,1,0
correct/reloj_098_aug14.png,1,1,0
correct/reloj_098_aug15.png,1,1,0
correct/reloj_098_aug16.png,1,1,0
correct/reloj_098_aug17.png,1,1,0
correct/reloj_098_aug18.png,1,1,0
correct/reloj_098_aug19.png,1,1,0
correct/reloj_098_aug20.png,1,1,0
correct/reloj_098_aug21.png,1,1,0
correct/reloj_098_aug22.png,1,1,0
correct/reloj_098_aug23.png,1,1,0
correct/reloj_098_aug24.png,1,1,0
correct/reloj_098_aug25.png,1,1,0
correct/reloj_098_aug26.png,1,1,0
correct/reloj_098_aug27.png,1,1,0
correct/reloj_098_aug28.png,1,1,0
correct/reloj_098_aug29.png,1,1,0
correct/reloj_098_aug30.png,1,1,0
correct/reloj_098_aug31.png,1,1,0
correct/reloj_098_aug32.png,1,1,0
correct/reloj_098_aug33.png,1,1,0
correct/reloj_098_aug34.png,1,1,0
correct/reloj_098_aug35.png,1,1,0
correct/reloj_098_aug36.png,1,1,0
correct/reloj_098_aug37.png,1,1,0
correct/reloj_098_aug38.png,1,1,0
correct/reloj_098_aug39.png,1,1,0
correct/reloj_098_aug40.png,1,1,0
correct/reloj_098_aug41.png,1,1,0
correct/reloj_050_aug0.png,1,1,0
correct/reloj_050_aug1.png,1,1,0
correct/reloj_050_aug2.png,1,1,0
correct/reloj_050_aug3.png,1,1,0
correct/reloj_050_aug4.png,1,1,0
correct/reloj_050_aug5.png,1,1,0
correct/reloj_050_aug6.png,1,1,0
correct/reloj_050_aug7.png,1,1,0
correct/reloj_050_aug8.png,1,1,0
correct/reloj_050_aug9.png,1,1,0
correct/reloj_050_aug10.png,1,1,0
correct/reloj_050_aug11.png,1,1,0
correct/reloj_050_aug12.png,1,1,0
correct/reloj_050_aug13.png,1,1,0
correct/reloj_050_aug14.png,1,1,0
correct/reloj_050_aug15.png,1,1,0
correct/reloj_050_aug16.png,1,1,0
correct/reloj_050_aug17.png,1,1,0
correct/reloj_050_aug18.png,1,1,0
correct/reloj_050_aug19.png,1,1,0
correct/reloj_050_aug20.png,1,1,0
correct/reloj_050_aug21.png,1,1,0
correct/reloj_050_aug22.png,1,1,0
correct/reloj_050_aug23.png,1,1,0
correct/reloj_050_aug24.png,1,1,0
correct/reloj_050_aug25.png,1,1,0
correct/reloj_050_aug26.png,1,1,0
correct/reloj_050_aug27.png,1,1,0
correct/reloj_050_aug28.png,1,1,0
correct/reloj_050_aug29.png,1,1,0
correct/reloj_050_aug30.png,1,1,0
correct/reloj_050_aug31.png,1,1,0
correct/reloj_050_aug32.png,1,1,0
correct/reloj_050_aug33.png,1,1,0
correct/reloj_050_aug34.png,1,1,0
correct/reloj_050_aug35.png,1,1,0
correct/reloj_050_aug36.png,1,1,0
correct/reloj_050_aug37.png,1,1,0
correct/reloj_050_aug38.png,1,1,0
correct/reloj_050_aug39.png,1,1,0
correct/reloj_050_aug40.png,1,1,0
correct/reloj_050_aug41.png,1,1,0
correct/reloj_180_aug0.jpg,1,1,0
correct/reloj_180_aug1.jpg,1,1,0
correct/reloj_180_aug2.jpg,1,1,0
correct/reloj_180_aug3.jpg,1,1,0
correct/reloj_180_aug4.jpg,1,1,0
correct/reloj_180_aug5.jpg,1,1,0
correct/reloj_180_aug6.jpg,1,1,0
correct/reloj_180_aug7.jpg,1,1,0
correct/reloj_180_aug8.jpg,1,1,0
correct/reloj_180_aug9.jpg,1,1,0
correct/reloj_180_aug10.jpg,1,1,0
correct/reloj_180_aug11.jpg,1,1,0
correct/reloj_180_aug12.jpg,1,1,0
correct/reloj_180_aug13.jpg,1,1,0
correct/reloj_180_aug14.jpg,1,1,0
correct/reloj_180_aug15.jpg,1,1,0
correct/reloj_180_aug16.jpg,1,1,0
correct/reloj_180_aug17.jpg,1,1,0
correct/reloj_180_aug18.jpg,1,1,0
correct/reloj_180_aug19.jpg,1,1,0
correct/reloj_180_aug20.jpg,1,1,0
correct/reloj_180_aug21.jpg,1,1,0
correct/reloj_180_aug22.jpg,1,1,0
correct/reloj_180_aug23.jpg,1,1,0
correct/reloj_180_aug24.jpg,1,1,0
correct/reloj_180_aug25.jpg,1,1,0
correct/reloj_180_aug26.jpg,1,1,0
correct/reloj_180_aug27.jpg,1,1,0
correct/reloj_180_aug28.jpg,1,1,0
correct/reloj_180_aug29.jpg,1,1,0
correct/reloj_180_aug30.jpg,1,1,0
correct/reloj_180_aug31.jpg,1,1,0
correct/reloj_180_aug32.jpg,1,1,0
correct/reloj_180_aug33.jpg,1,1,0
correct/reloj_180_aug34.jpg,1,1,0
correct/reloj_180_aug35.jpg,1,1,0
correct/reloj_180_aug36.jpg,1,1,0
correct/reloj_180_aug37.jpg,1,1,0
correct/reloj_180_aug38.jpg,1,1,0
correct/reloj_180_aug39.jpg,1,1,0
correct/reloj_180_aug40.jpg,1,1,0
correct/reloj_180_aug41.jpg,1,1,0
correct/reloj_155_aug0.png,1,1,0
correct/reloj_155_aug1.png,1,1,0
correct/reloj_155_aug2.png,1,1,0
correct/reloj_155_aug3.png,1,1,0
correct/reloj_155_aug4.png,1,1,0
correct/reloj_155_aug5.png,1,1,0
correct/reloj_155_aug6.png,1,1,0
correct/reloj_155_aug7.png,1,1,0
correct/reloj_155_aug8.png,1,1,0
correct/reloj_155_aug9.png,1,1,0
correct/reloj_155_aug10.png,1,1,0
correct/reloj_155_aug11.png,1,1,0
correct/reloj_155_aug12.png,1,1,0
correct/reloj_155_aug13.png,1,1,0
correct/reloj_155_aug14.png,1,1,0
correct/reloj_155_aug15.png,1,1,0
correct/reloj_155_aug16.png,1,1,0
correct/reloj_155_aug17.png,1,1,0
correct/reloj_155_aug18.png,1,1,0
correct/reloj_155_aug19.png,1,1,0
correct/reloj_155_aug20.png,1,1,0
correct/reloj_155_aug21.png,1,1,0
correct/reloj_155_aug22.png,1,1,0
correct/reloj_155_aug23.png,1,1,0
correct/reloj_155_aug24.png,1,1,0
correct/reloj_155_aug25.png,1,1,0
correct/reloj_155_aug26.png,1,1,0
correct/reloj_155_aug27.png,1,1,0
correct/reloj_155_aug28.png,1,1,0
correct/reloj_155_aug29.png,1,1,0
correct/reloj_155_aug30.png,1,1,0
correct/reloj_155_aug31.png,1,1,0
correct/reloj_155_aug32.png,1,1,0
correct/reloj_155_aug33.png,1,1,0
correct/reloj_155_aug34.png,1,1,0
correct/reloj_155_aug35.png,1,1,0
correct/reloj_155_aug36.png,1,1,0
correct/reloj_155_aug37.png,1,1,0
correct/reloj_155_aug38.png,1,1,0
correct/reloj_155_aug39.png,1,1,0
correct/reloj_155_aug40.png,1,1,0
correct/reloj_155_aug41.png,1,1,0
correct/reloj_179_aug0.jpg,1,1,0
correct/reloj_179_aug1.jpg,1,1,0
correct/reloj_179_aug2.jpg,1,1,0
correct/reloj_179_aug3.jpg,1,1,0
correct/reloj_179_aug4.jpg,1,1,0
correct/reloj_179_aug5.jpg,1,1,0
correct/reloj_179_aug6.jpg,1,1,0
correct/reloj_179_aug7.jpg,1,1,0
correct/reloj_179_aug8.jpg,1,1,0
correct/reloj_179_aug9.jpg,1,1,0
correct/reloj_179_aug10.jpg,1,1,0
correct/reloj_179_aug11.jpg,1,1,0
correct/reloj_179_aug12.jpg,1,1,0
correct/reloj_179_aug13.jpg,1,1,0
correct/reloj_179_aug14.jpg,1,1,0
correct/reloj_179_aug15.jpg,1,1,0
correct/reloj_179_aug16.jpg,1,1,0
correct/reloj_179_aug17.jpg,1,1,0
correct/reloj_179_aug18.jpg,1,1,0
correct/reloj_179_aug19.jpg,1,1,0
correct/reloj_179_aug20.jpg,1,1,0
correct/reloj_179_aug21.jpg,1,1,0
correct/reloj_179_aug22.jpg,1,1,0
correct/reloj_179_aug23.jpg,1,1,0
correct/reloj_179_aug24.jpg,1,1,0
correct/reloj_179_aug25.jpg,1,1,0
correct/reloj_179_aug26.jpg,1,1,0
correct/reloj_179_aug27.jpg,1,1,0
correct/reloj_179_aug28.jpg,1,1,0
correct/reloj_179_aug29.jpg,1,1,0
correct/reloj_179_aug30.jpg,1,1,0
correct/reloj_179_aug31.jpg,1,1,0
correct/reloj_179_aug32.jpg,1,1,0
correct/reloj_179_aug33.jpg,1,1,0
correct/reloj_179_aug34.jpg,1,1,0
correct/reloj_179_aug35.jpg,1,1,0
correct/reloj_179_aug36.jpg,1,1,0
correct/reloj_179_aug37.jpg,1,1,0
correct/reloj_179_aug38.jpg,1,1,0
correct/reloj_179_aug39.jpg,1,1,0
correct/reloj_179_aug40.jpg,1,1,0
correct/reloj_179_aug41.jpg,1,1,0
correct/reloj_095_aug0.png,1,1,0
correct/reloj_095_aug1.png,1,1,0
correct/reloj_095_aug2.png,1,1,0
correct/reloj_095_aug3.png,1,1,0
correct/reloj_095_aug4.png,1,1,0
correct/reloj_095_aug5.png,1,1,0
correct/reloj_095_aug6.png,1,1,0
correct/reloj_095_aug7.png,1,1,0
correct/reloj_095_aug8.png,1,1,0
correct/reloj_095_aug9.png,1,1,0
correct/reloj_095_aug10.png,1,1,0
correct/reloj_095_aug11.png,1,1,0
correct/reloj_095_aug12.png,1,1,0
correct/reloj_095_aug13.png,1,1,0
correct/reloj_095_aug14.png,1,1,0
correct/reloj_095_aug15.png,1,1,0
correct/reloj_095_aug16.png,1,1,0
correct/reloj_095_aug17.png,1,1,0
correct/reloj_095_aug18.png,1,1,0
correct/reloj_095_aug19.png,1,1,0
correct/reloj_095_aug20.png,1,1,0
correct/reloj_095_aug21.png,1,1,0
correct/reloj_095_aug22.png,1,1,0
correct/reloj_095_aug23.png,1,1,0
correct/reloj_095_aug24.png,1,1,0
correct/reloj_095_aug25.png,1,1,0
correct/reloj_095_aug26.png,1,1,0
correct/reloj_095_aug27.png,1,1,0
correct/reloj_095_aug28.png,1,1,0
correct/reloj_095_aug29.png,1,1,0
correct/reloj_095_aug30.png,1,1,0
correct/reloj_095_aug31.png,1,1,0
correct/reloj_095_aug32.png,1,1,0
correct/reloj_095_aug33.png,1,1,0
correct/reloj_095_aug34.png,1,1,0
correct/reloj_095_aug35.png,1,1,0
correct/reloj_095_aug36.png,1,1,0
correct/reloj_095_aug37.png,1,1,0
correct/reloj_095_aug38.png,1,1,0
correct/reloj_095_aug39.png,1,1,0
correct/reloj_095_aug40.png,1,1,0
correct/reloj_095_aug41.png,1,1,0
correct/reloj_046_aug0.png,1,1,0
correct/reloj_046_aug1.png,1,1,0
correct/reloj_046_aug2.png,1,1,0
correct/reloj_046_aug3.png,1,1,0
correct/reloj_046_aug4.png,1,1,0
correct/reloj_046_aug5.png,1,1,0
correct/reloj_046_aug6.png,1,1,0
correct/reloj_046_aug7.png,1,1,0
correct/reloj_046_aug8.png,1,1,0
correct/reloj_046_aug9.png,1,1,0
correct/reloj_046_aug10.png,1,1,0
correct/reloj_046_aug11.png,1,1,0
correct/reloj_046_aug12.png,1,1,0
correct/reloj_046_aug13.png,1,1,0
correct/reloj_046_aug14.png,1,1,0
correct/reloj_046_aug15.png,1,1,0
correct/reloj_046_aug16.png,1,1,0
correct/reloj_046_aug17.png,1,1,0
correct/reloj_046_aug18.png,1,1,0
correct/reloj_046_aug19.png,1,1,0
correct/reloj_046_aug20.png,1,1,0
correct/reloj_046_aug21.png,1,1,0
correct/reloj_046_aug22.png,1,1,0
correct/reloj_046_aug23.png,1,1,0
correct/reloj_046_aug24.png,1,1,0
correct/reloj_046_aug25.png,1,1,0
correct/reloj_046_aug26.png,1,1,0
correct/reloj_046_aug27.png,1,1,0
correct/reloj_046_aug28.png,1,1,0
correct/reloj_046_aug29.png,1,1,0
correct/reloj_046_aug30.png,1,1,0
correct/reloj_046_aug31.png,1,1,0
correct/reloj_046_aug32.png,1,1,0
correct/reloj_046_aug33.png,1,1,0
correct/reloj_046_aug34.png,1,1,0
correct/reloj_046_aug35.png,1,1,0
correct/reloj_046_aug36.png,1,1,0
correct/reloj_046_aug37.png,1,1,0
correct/reloj_046_aug38.png,1,1,0
correct/reloj_046_aug39.png,1,1,0
correct/reloj_046_aug40.png,1,1,0
correct/reloj_046_aug41.png,1,1,0
correct/reloj_175_aug0.jpg,1,1,0
correct/reloj_175_aug1.jpg,1,1,0
correct/reloj_175_aug2.jpg,1,1,0
correct/reloj_175_aug3.jpg,1,1,0
correct/reloj_175_aug4.jpg,1,1,0
correct/reloj_175_aug5.jpg,1,1,0
correct/reloj_175_aug6.jpg,1,1,0
correct/reloj_175_aug7.jpg,1,1,0
correct/reloj_175_aug8.jpg,1,1,0
correct/reloj_175_aug9.jpg,1,1,0
correct/reloj_175_aug10.jpg,1,1,0
correct/reloj_175_aug11.jpg,1,1,0
correct/reloj_175_aug12.jpg,1,1,0
correct/reloj_175_aug13.jpg,1,1,0
correct/reloj_175_aug14.jpg,1,1,0
correct/reloj_175_aug15.jpg,1,1,0
correct/reloj_175_aug16.jpg,1,1,0
correct/reloj_175_aug17.jpg,1,1,0
correct/reloj_175_aug18.jpg,1,1,0
correct/reloj_175_aug19.jpg,1,1,0
correct/reloj_175_aug20.jpg,1,1,0
correct/reloj_175_aug21.jpg,1,1,0
correct/reloj_175_aug22.jpg,1,1,0
correct/reloj_175_aug23.jpg,1,1,0
correct/reloj_175_aug24.jpg,1,1,0
correct/reloj_175_aug25.jpg,1,1,0
correct/reloj_175_aug26.jpg,1,1,0
correct/reloj_175_aug27.jpg,1,1,0
correct/reloj_175_aug28.jpg,1,1,0
correct/reloj_175_aug29.jpg,1,1,0
correct/reloj_175_aug30.jpg,1,1,0
correct/reloj_175_aug31.jpg,1,1,0
correct/reloj_175_aug32.jpg,1,1,0
correct/reloj_175_aug33.jpg,1,1,0
correct/reloj_175_aug34.jpg,1,1,0
correct/reloj_175_aug35.jpg,1,1,0
correct/reloj_175_aug36.jpg,1,1,0
correct/reloj_175_aug37.jpg,1,1,0
correct/reloj_175_aug38.jpg,1,1,0
correct/reloj_175_aug39.jpg,1,1,0
correct/reloj_175_aug40.jpg,1,1,0
correct/reloj_175_aug41.jpg,1,1,0
correct/reloj_174_aug0.jpg,1,1,0
correct/reloj_174_aug1.jpg,1,1,0
correct/reloj_174_aug2.jpg,1,1,0
correct/reloj_174_aug3.jpg,1,1,0
correct/reloj_174_aug4.jpg,1,1,0
correct/reloj_174_aug5.jpg,1,1,0
correct/reloj_174_aug6.jpg,1,1,0
correct/reloj_174_aug7.jpg,1,1,0
correct/reloj_174_aug8.jpg,1,1,0
correct/reloj_174_aug9.jpg,1,1,0
correct/reloj_174_aug10.jpg,1,1,0
correct/reloj_174_aug11.jpg,1,1,0
correct/reloj_174_aug12.jpg,1,1,0
correct/reloj_174_aug13.jpg,1,1,0
correct/reloj_174_aug14.jpg,1,1,0
correct/reloj_174_aug15.jpg,1,1,0
correct/reloj_174_aug16.jpg,1,1,0
correct/reloj_174_aug17.jpg,1,1,0
correct/reloj_174_aug18.jpg,1,1,0
correct/reloj_174_aug19.jpg,1,1,0
correct/reloj_174_aug20.jpg,1,1,0
correct/reloj_174_aug21.jpg,1,1,0
correct/reloj_174_aug22.jpg,1,1,0
correct/reloj_174_aug23.jpg,1,1,0
correct/reloj_174_aug24.jpg,1,1,0
correct/reloj_174_aug25.jpg,1,1,0
correct/reloj_174_aug26.jpg,1,1,0
correct/reloj_174_aug27.jpg,1,1,0
correct/reloj_174_aug28.jpg,1,1,0
correct/reloj_174_aug29.jpg,1,1,0
correct/reloj_174_aug30.jpg,1,1,0
correct/reloj_174_aug31.jpg,1,1,0
correct/reloj_174_aug32.jpg,1,1,0
correct/reloj_174_aug33.jpg,1,1,0
correct/reloj_174_aug34.jpg,1,1,0
correct/reloj_174_aug35.jpg,1,1,0
correct/reloj_174_aug36.jpg,1,1,0
correct/reloj_174_aug37.jpg,1,1,0
correct/reloj_174_aug38.jpg,1,1,0
correct/reloj_174_aug39.jpg,1,1,0
correct/reloj_174_aug40.jpg,1,1,0
correct/reloj_174_aug41.jpg,1,1,0
correct/reloj_150_aug0.png,1,1,0
correct/reloj_150_aug1.png,1,1,0
correct/reloj_150_aug2.png,1,1,0
correct/reloj_150_aug3.png,1,1,0
correct/reloj_150_aug4.png,1,1,0
correct/reloj_150_aug5.png,1,1,0
correct/reloj_150_aug6.png,1,1,0
correct/reloj_150_aug7.png,1,1,0
correct/reloj_150_aug8.png,1,1,0
correct/reloj_150_aug9.png,1,1,0
correct/reloj_150_aug10.png,1,1,0
correct/reloj_150_aug11.png,1,1,0
correct/reloj_150_aug12.png,1,1,0
correct/reloj_150_aug13.png,1,1,0
correct/reloj_150_aug14.png,1,1,0
correct/reloj_150_aug15.png,1,1,0
correct/reloj_150_aug16.png,1,1,0
correct/reloj_150_aug17.png,1,1,0
correct/reloj_150_aug18.png,1,1,0
correct/reloj_150_aug19.png,1,1,0
correct/reloj_150_aug20.png,1,1,0
correct/reloj_150_aug21.png,1,1,0
correct/reloj_150_aug22.png,1,1,0
correct/reloj_150_aug23.png,1,1,0
correct/reloj_150_aug24.png,1,1,0
correct/reloj_150_aug25.png,1,1,0
correct/reloj_150_aug26.png,1,1,0
correct/reloj_150_aug27.png,1,1,0
correct/reloj_150_aug28.png,1,1,0
correct/reloj_150_aug29.png,1,1,0
correct/reloj_150_aug30.png,1,1,0
correct/reloj_150_aug31.png,1,1,0
correct/reloj_150_aug32.png,1,1,0
correct/reloj_150_aug33.png,1,1,0
correct/reloj_150_aug34.png,1,1,0
correct/reloj_150_aug35.png,1,1,0
correct/reloj_150_aug36.png,1,1,0
correct/reloj_150_aug37.png,1,1,0
correct/reloj_150_aug38.png,1,1,0
correct/reloj_150_aug39.png,1,1,0
correct/reloj_150_aug40.png,1,1,0
correct/reloj_150_aug41.png,1,1,0
correct/reloj_184_aug0.jpg,1,1,0
correct/reloj_184_aug1.jpg,1,1,0
correct/reloj_184_aug2.jpg,1,1,0
correct/reloj_184_aug3.jpg,1,1,0
correct/reloj_184_aug4.jpg,1,1,0
correct/reloj_184_aug5.jpg,1,1,0
correct/reloj_184_aug6.jpg,1,1,0
correct/reloj_184_aug7.jpg,1,1,0
correct/reloj_184_aug8.jpg,1,1,0
correct/reloj_184_aug9.jpg,1,1,0
correct/reloj_184_aug10.jpg,1,1,0
correct/reloj_184_aug11.jpg,1,1,0
correct/reloj_184_aug12.jpg,1,1,0
correct/reloj_184_aug13.jpg,1,1,0
correct/reloj_184_aug14.jpg,1,1,0
correct/reloj_184_aug15.jpg,1,1,0
correct/reloj_184_aug16.jpg,1,1,0
correct/reloj_184_aug17.jpg,1,1,0
correct/reloj_184_aug18.jpg,1,1,0
correct/reloj_184_aug19.jpg,1,1,0
correct/reloj_184_aug20.jpg,1,1,0
correct/reloj_184_aug21.jpg,1,1,0
correct/reloj_184_aug22.jpg,1,1,0
correct/reloj_184_aug23.jpg,1,1,0
correct/reloj_184_aug24.jpg,1,1,0
correct/reloj_184_aug25.jpg,1,1,0
correct/reloj_184_aug26.jpg,1,1,0
correct/reloj_184_aug27.jpg,1,1,0
correct/reloj_184_aug28.jpg,1,1,0
correct/reloj_184_aug29.jpg,1,1,0
correct/reloj_184_aug30.jpg,1,1,0
correct/reloj_184_aug31.jpg,1,1,0
correct/reloj_184_aug32.jpg,1,1,0
correct/reloj_184_aug33.jpg,1,1,0
correct/reloj_184_aug34.jpg,1,1,0
correct/reloj_184_aug35.jpg,1,1,0
correct/reloj_184_aug36.jpg,1,1,0
correct/reloj_184_aug37.jpg,1,1,0
correct/reloj_184_aug38.jpg,1,1,0
correct/reloj_184_aug39.jpg,1,1,0
correct/reloj_184_aug40.jpg,1,1,0
correct/reloj_184_aug41.jpg,1,1,0
correct/reloj_094_aug0.png,1,1,0
correct/reloj_094_aug1.png,1,1,0
correct/reloj_094_aug2.png,1,1,0
correct/reloj_094_aug3.png,1,1,0
correct/reloj_094_aug4.png,1,1,0
correct/reloj_094_aug5.png,1,1,0
correct/reloj_094_aug6.png,1,1,0
correct/reloj_094_aug7.png,1,1,0
correct/reloj_094_aug8.png,1,1,0
correct/reloj_094_aug9.png,1,1,0
correct/reloj_094_aug10.png,1,1,0
correct/reloj_094_aug11.png,1,1,0
correct/reloj_094_aug12.png,1,1,0
correct/reloj_094_aug13.png,1,1,0
correct/reloj_094_aug14.png,1,1,0
correct/reloj_094_aug15.png,1,1,0
correct/reloj_094_aug16.png,1,1,0
correct/reloj_094_aug17.png,1,1,0
correct/reloj_094_aug18.png,1,1,0
correct/reloj_094_aug19.png,1,1,0
correct/reloj_094_aug20.png,1,1,0
correct/reloj_094_aug21.png,1,1,0
correct/reloj_094_aug22.png,1,1,0
correct/reloj_094_aug23.png,1,1,0
correct/reloj_094_aug24.png,1,1,0
correct/reloj_094_aug25.png,1,1,0
correct/reloj_094_aug26.png,1,1,0
correct/reloj_094_aug27.png,1,1,0
correct/reloj_094_aug28.png,1,1,0
correct/reloj_094_aug29.png,1,1,0
correct/reloj_094_aug30.png,1,1,0
correct/reloj_094_aug31.png,1,1,0
correct/reloj_094_aug32.png,1,1,0
correct/reloj_094_aug33.png,1,1,0
correct/reloj_094_aug34.png,1,1,0
correct/reloj_094_aug35.png,1,1,0
correct/reloj_094_aug36.png,1,1,0
correct/reloj_094_aug37.png,1,1,0
correct/reloj_094_aug38.png,1,1,0
correct/reloj_094_aug39.png,1,1,0
correct/reloj_094_aug40.png,1,1,0
correct/reloj_094_aug41.png,1,1,0
correct/reloj_181_aug0.jpg,1,1,0
correct/reloj_181_aug1.jpg,1,1,0
correct/reloj_181_aug2.jpg,1,1,0
correct/reloj_181_aug3.jpg,1,1,0
correct/reloj_181_aug4.jpg,1,1,0
correct/reloj_181_aug5.jpg,1,1,0
correct/reloj_181_aug6.jpg,1,1,0
correct/reloj_181_aug7.jpg,1,1,0
correct/reloj_181_aug8.jpg,1,1,0
correct/reloj_181_aug9.jpg,1,1,0
correct/reloj_181_aug10.jpg,1,1,0
correct/reloj_181_aug11.jpg,1,1,0
correct/reloj_181_aug12.jpg,1,1,0
correct/reloj_181_aug13.jpg,1,1,0
correct/reloj_181_aug14.jpg,1,1,0
correct/reloj_181_aug15.jpg,1,1,0
correct/reloj_181_aug16.jpg,1,1,0
correct/reloj_181_aug17.jpg,1,1,0
correct/reloj_181_aug18.jpg,1,1,0
correct/reloj_181_aug19.jpg,1,1,0
correct/reloj_181_aug20.jpg,1,1,0
correct/reloj_181_aug21.jpg,1,1,0
correct/reloj_181_aug22.jpg,1,1,0
correct/reloj_181_aug23.jpg,1,1,0
correct/reloj_181_aug24.jpg,1,1,0
correct/reloj_181_aug25.jpg,1,1,0
correct/reloj_181_aug26.jpg,1,1,0
correct/reloj_181_aug27.jpg,1,1,0
correct/reloj_181_aug28.jpg,1,1,0
correct/reloj_181_aug29.jpg,1,1,0
correct/reloj_181_aug30.jpg,1,1,0
correct/reloj_181_aug31.jpg,1,1,0
correct/reloj_181_aug32.jpg,1,1,0
correct/reloj_181_aug33.jpg,1,1,0
correct/reloj_181_aug34.jpg,1,1,0
correct/reloj_181_aug35.jpg,1,1,0
correct/reloj_181_aug36.jpg,1,1,0
correct/reloj_181_aug37.jpg,1,1,0
correct/reloj_181_aug38.jpg,1,1,0
correct/reloj_181_aug39.jpg,1,1,0
correct/reloj_181_aug40.jpg,1,1,0
correct/reloj_181_aug41.jpg,1,1,0
correct/reloj_170_aug0.jpg,1,1,0
correct/reloj_170_aug1.jpg,1,1,0
correct/reloj_170_aug2.jpg,1,1,0
correct/reloj_170_aug3.jpg,1,1,0
correct/reloj_170_aug4.jpg,1,1,0
correct/reloj_170_aug5.jpg,1,1,0
correct/reloj_170_aug6.jpg,1,1,0
correct/reloj_170_aug7.jpg,1,1,0
correct/reloj_170_aug8.jpg,1,1,0
correct/reloj_170_aug9.jpg,1,1,0
correct/reloj_170_aug10.jpg,1,1,0
correct/reloj_170_aug11.jpg,1,1,0
correct/reloj_170_aug12.jpg,1,1,0
correct/reloj_170_aug13.jpg,1,1,0
correct/reloj_170_aug14.jpg,1,1,0
correct/reloj_170_aug15.jpg,1,1,0
correct/reloj_170_aug16.jpg,1,1,0
correct/reloj_170_aug17.jpg,1,1,0
correct/reloj_170_aug18.jpg,1,1,0
correct/reloj_170_aug19.jpg,1,1,0
correct/reloj_170_aug20.jpg,1,1,0
correct/reloj_170_aug21.jpg,1,1,0
correct/reloj_170_aug22.jpg,1,1,0
correct/reloj_170_aug23.jpg,1,1,0
correct/reloj_170_aug24.jpg,1,1,0
correct/reloj_170_aug25.jpg,1,1,0
correct/reloj_170_aug26.jpg,1,1,0
correct/reloj_170_aug27.jpg,1,1,0
correct/reloj_170_aug28.jpg,1,1,0
correct/reloj_170_aug29.jpg,1,1,0
correct/reloj_170_aug30.jpg,1,1,0
correct/reloj_170_aug31.jpg,1,1,0
correct/reloj_170_aug32.jpg,1,1,0
correct/reloj_170_aug33.jpg,1,1,0
correct/reloj_170_aug34.jpg,1,1,0
correct/reloj_170_aug35.jpg,1,1,0
correct/reloj_170_aug36.jpg,1,1,0
correct/reloj_170_aug37.jpg,1,1,0
correct/reloj_170_aug38.jpg,1,1,0
correct/reloj_170_aug39.jpg,1,1,0
correct/reloj_170_aug40.jpg,1,1,0
correct/reloj_170_aug41.jpg,1,1,0
correct/reloj_045_aug0.png,1,1,0
correct/reloj_045_aug1.png,1,1,0
correct/reloj_045_aug2.png,1,1,0
correct/reloj_045_aug3.png,1,1,0
correct/reloj_045_aug4.png,1,1,0
correct/reloj_045_aug5.png,1,1,0
correct/reloj_045_aug6.png,1,1,0
correct/reloj_045_aug7.png,1,1,0
correct/reloj_045_aug8.png,1,1,0
correct/reloj_045_aug9.png,1,1,0
correct/reloj_045_aug10.png,1,1,0
correct/reloj_045_aug11.png,1,1,0
correct/reloj_045_aug12.png,1,1,0
correct/reloj_045_aug13.png,1,1,0
correct/reloj_045_aug14.png,1,1,0
correct/reloj_045_aug15.png,1,1,0
correct/reloj_045_aug16.png,1,1,0
correct/reloj_045_aug17.png,1,1,0
correct/reloj_045_aug18.png,1,1,0
correct/reloj_045_aug19.png,1,1,0
correct/reloj_045_aug20.png,1,1,0
correct/reloj_045_aug21.png,1,1,0
correct/reloj_045_aug22.png,1,1,0
correct/reloj_045_aug23.png,1,1,0
correct/reloj_045_aug24.png,1,1,0
correct/reloj_045_aug25.png,1,1,0
correct/reloj_045_aug26.png,1,1,0
correct/reloj_045_aug27.png,1,1,0
correct/reloj_045_aug28.png,1,1,0
correct/reloj_045_aug29.png,1,1,0
correct/reloj_045_aug30.png,1,1,0
correct/reloj_045_aug31.png,1,1,0
correct/reloj_045_aug32.png,1,1,0
correct/reloj_045_aug33.png,1,1,0
correct/reloj_045_aug34.png,1,1,0
correct/reloj_045_aug35.png,1,1,0
correct/reloj_045_aug36.png,1,1,0
correct/reloj_045_aug37.png,1,1,0
correct/reloj_045_aug38.png,1,1,0
correct/reloj_045_aug39.png,1,1,0
correct/reloj_045_aug40.png,1,1,0
correct/reloj_045_aug41.png,1,1,0
correct/reloj_145_aug0.png,1,1,0
correct/reloj_145_aug1.png,1,1,0
correct/reloj_145_aug2.png,1,1,0
correct/reloj_145_aug3.png,1,1,0
correct/reloj_145_aug4.png,1,1,0
correct/reloj_145_aug5.png,1,1,0
correct/reloj_145_aug6.png,1,1,0
correct/reloj_145_aug7.png,1,1,0
correct/reloj_145_aug8.png,1,1,0
correct/reloj_145_aug9.png,1,1,0
correct/reloj_145_aug10.png,1,1,0
correct/reloj_145_aug11.png,1,1,0
correct/reloj_145_aug12.png,1,1,0
correct/reloj_145_aug13.png,1,1,0
correct/reloj_145_aug14.png,1,1,0
correct/reloj_145_aug15.png,1,1,0
correct/reloj_145_aug16.png,1,1,0
correct/reloj_145_aug17.png,1,1,0
correct/reloj_145_aug18.png,1,1,0
correct/reloj_145_aug19.png,1,1,0
correct/reloj_145_aug20.png,1,1,0
correct/reloj_145_aug21.png,1,1,0
correct/reloj_145_aug22.png,1,1,0
correct/reloj_145_aug23.png,1,1,0
correct/reloj_145_aug24.png,1,1,0
correct/reloj_145_aug25.png,1,1,0
correct/reloj_145_aug26.png,1,1,0
correct/reloj_145_aug27.png,1,1,0
correct/reloj_145_aug28.png,1,1,0
correct/reloj_145_aug29.png,1,1,0
correct/reloj_145_aug30.png,1,1,0
correct/reloj_145_aug31.png,1,1,0
correct/reloj_145_aug32.png,1,1,0
correct/reloj_145_aug33.png,1,1,0
correct/reloj_145_aug34.png,1,1,0
correct/reloj_145_aug35.png,1,1,0
correct/reloj_145_aug36.png,1,1,0
correct/reloj_145_aug37.png,1,1,0
correct/reloj_145_aug38.png,1,1,0
correct/reloj_145_aug39.png,1,1,0
correct/reloj_145_aug40.png,1,1,0
correct/reloj_145_aug41.png,1,1,0
correct/reloj_176_aug0.jpg,1,1,0
correct/reloj_176_aug1.jpg,1,1,0
correct/reloj_176_aug2.jpg,1,1,0
correct/reloj_176_aug3.jpg,1,1,0
correct/reloj_176_aug4.jpg,1,1,0
correct/reloj_176_aug5.jpg,1,1,0
correct/reloj_176_aug6.jpg,1,1,0
correct/reloj_176_aug7.jpg,1,1,0
correct/reloj_176_aug8.jpg,1,1,0
correct/reloj_176_aug9.jpg,1,1,0
correct/reloj_176_aug10.jpg,1,1,0
correct/reloj_176_aug11.jpg,1,1,0
correct/reloj_176_aug12.jpg,1,1,0
correct/reloj_176_aug13.jpg,1,1,0
correct/reloj_176_aug14.jpg,1,1,0
correct/reloj_176_aug15.jpg,1,1,0
correct/reloj_176_aug16.jpg,1,1,0
correct/reloj_176_aug17.jpg,1,1,0
correct/reloj_176_aug18.jpg,1,1,0
correct/reloj_176_aug19.jpg,1,1,0
correct/reloj_176_aug20.jpg,1,1,0
correct/reloj_176_aug21.jpg,1,1,0
correct/reloj_176_aug22.jpg,1,1,0
correct/reloj_176_aug23.jpg,1,1,0
correct/reloj_176_aug24.jpg,1,1,0
correct/reloj_176_aug25.jpg,1,1,0
correct/reloj_176_aug26.jpg,1,1,0
correct/reloj_176_aug27.jpg,1,1,0
correct/reloj_176_aug28.jpg,1,1,0
correct/reloj_176_aug29.jpg,1,1,0
correct/reloj_176_aug30.jpg,1,1,0
correct/reloj_176_aug31.jpg,1,1,0
correct/reloj_176_aug32.jpg,1,1,0
correct/reloj_176_aug33.jpg,1,1,0
correct/reloj_176_aug34.jpg,1,1,0
correct/reloj_176_aug35.jpg,1,1,0
correct/reloj_176_aug36.jpg,1,1,0
correct/reloj_176_aug37.jpg,1,1,0
correct/reloj_176_aug38.jpg,1,1,0
correct/reloj_176_aug39.jpg,1,1,0
correct/reloj_176_aug40.jpg,1,1,0
correct/reloj_176_aug41.jpg,1,1,0
correct/reloj_051_aug0.png,1,1,0
correct/reloj_051_aug1.png,1,1,0
correct/reloj_051_aug2.png,1,1,0
correct/reloj_051_aug3.png,1,1,0
correct/reloj_051_aug4.png,1,1,0
correct/reloj_051_aug5.png,1,1,0
correct/reloj_051_aug6.png,1,1,0
correct/reloj_051_aug7.png,1,1,0
correct/reloj_051_aug8.png,1,1,0
correct/reloj_051_aug9.png,1,1,0
correct/reloj_051_aug10.png,1,1,0
correct/reloj_051_aug11.png,1,1,0
correct/reloj_051_aug12.png,1,1,0
correct/reloj_051_aug13.png,1,1,0
correct/reloj_051_aug14.png,1,1,0
correct/reloj_051_aug15.png,1,1,0
correct/reloj_051_aug16.png,1,1,0
correct/reloj_051_aug17.png,1,1,0
correct/reloj_051_aug18.png,1,1,0
correct/reloj_051_aug19.png,1,1,0
correct/reloj_051_aug20.png,1,1,0
correct/reloj_051_aug21.png,1,1,0
correct/reloj_051_aug22.png,1,1,0
correct/reloj_051_aug23.png,1,1,0
correct/reloj_051_aug24.png,1,1,0
correct/reloj_051_aug25.png,1,1,0
correct/reloj_051_aug26.png,1,1,0
correct/reloj_051_aug27.png,1,1,0
correct/reloj_051_aug28.png,1,1,0
correct/reloj_051_aug29.png,1,1,0
correct/reloj_051_aug30.png,1,1,0
correct/reloj_051_aug31.png,1,1,0
correct/reloj_051_aug32.png,1,1,0
correct/reloj_051_aug33.png,1,1,0
correct/reloj_051_aug34.png,1,1,0
correct/reloj_051_aug35.png,1,1,0
correct/reloj_051_aug36.png,1,1,0
correct/reloj_051_aug37.png,1,1,0
correct/reloj_051_aug38.png,1,1,0
correct/reloj_051_aug39.png,1,1,0
correct/reloj_051_aug40.png,1,1,0
correct/reloj_051_aug41.png,1,1,0
correct/reloj_149_aug0.png,1,1,0
correct/reloj_149_aug1.png,1,1,0
correct/reloj_149_aug2.png,1,1,0
correct/reloj_149_aug3.png,1,1,0
correct/reloj_149_aug4.png,1,1,0
correct/reloj_149_aug5.png,1,1,0
correct/reloj_149_aug6.png,1,1,0
correct/reloj_149_aug7.png,1,1,0
correct/reloj_149_aug8.png,1,1,0
correct/reloj_149_aug9.png,1,1,0
correct/reloj_149_aug10.png,1,1,0
correct/reloj_149_aug11.png,1,1,0
correct/reloj_149_aug12.png,1,1,0
correct/reloj_149_aug13.png,1,1,0
correct/reloj_149_aug14.png,1,1,0
correct/reloj_149_aug15.png,1,1,0
correct/reloj_149_aug16.png,1,1,0
correct/reloj_149_aug17.png,1,1,0
correct/reloj_149_aug18.png,1,1,0
correct/reloj_149_aug19.png,1,1,0
correct/reloj_149_aug20.png,1,1,0
correct/reloj_149_aug21.png,1,1,0
correct/reloj_149_aug22.png,1,1,0
correct/reloj_149_aug23.png,1,1,0
correct/reloj_149_aug24.png,1,1,0
correct/reloj_149_aug25.png,1,1,0
correct/reloj_149_aug26.png,1,1,0
correct/reloj_149_aug27.png,1,1,0
correct/reloj_149_aug28.png,1,1,0
correct/reloj_149_aug29.png,1,1,0
correct/reloj_149_aug30.png,1,1,0
correct/reloj_149_aug31.png,1,1,0
correct/reloj_149_aug32.png,1,1,0
correct/reloj_149_aug33.png,1,1,0
correct/reloj_149_aug34.png,1,1,0
correct/reloj_149_aug35.png,1,1,0
correct/reloj_149_aug36.png,1,1,0
correct/reloj_149_aug37.png,1,1,0
correct/reloj_149_aug38.png,1,1,0
correct/reloj_149_aug39.png,1,1,0
correct/reloj_149_aug40.png,1,1,0
correct/reloj_149_aug41.png,1,1,0
correct/reloj_103_aug0.png,1,1,0
correct/reloj_103_aug1.png,1,1,0
correct/reloj_103_aug2.png,1,1,0
correct/reloj_103_aug3.png,1,1,0
correct/reloj_103_aug4.png,1,1,0
correct/reloj_103_aug5.png,1,1,0
correct/reloj_103_aug6.png,1,1,0
correct/reloj_103_aug7.png,1,1,0
correct/reloj_103_aug8.png,1,1,0
correct/reloj_103_aug9.png,1,1,0
correct/reloj_103_aug10.png,1,1,0
correct/reloj_103_aug11.png,1,1,0
correct/reloj_103_aug12.png,1,1,0
correct/reloj_103_aug13.png,1,1,0
correct/reloj_103_aug14.png,1,1,0
correct/reloj_103_aug15.png,1,1,0
correct/reloj_103_aug16.png,1,1,0
correct/reloj_103_aug17.png,1,1,0
correct/reloj_103_aug18.png,1,1,0
correct/reloj_103_aug19.png,1,1,0
correct/reloj_103_aug20.png,1,1,0
correct/reloj_103_aug21.png,1,1,0
correct/reloj_103_aug22.png,1,1,0
correct/reloj_103_aug23.png,1,1,0
correct/reloj_103_aug24.png,1,1,0
correct/reloj_103_aug25.png,1,1,0
correct/reloj_103_aug26.png,1,1,0
correct/reloj_103_aug27.png,1,1,0
correct/reloj_103_aug28.png,1,1,0
correct/reloj_103_aug29.png,1,1,0
correct/reloj_103_aug30.png,1,1,0
correct/reloj_103_aug31.png,1,1,0
correct/reloj_103_aug32.png,1,1,0
correct/reloj_103_aug33.png,1,1,0
correct/reloj_103_aug34.png,1,1,0
correct/reloj_103_aug35.png,1,1,0
correct/reloj_103_aug36.png,1,1,0
correct/reloj_103_aug37.png,1,1,0
correct/reloj_103_aug38.png,1,1,0
correct/reloj_103_aug39.png,1,1,0
correct/reloj_103_aug40.png,1,1,0
correct/reloj_103_aug41.png,1,1,0
correct/reloj_093_aug0.png,1,1,0
correct/reloj_093_aug1.png,1,1,0
correct/reloj_093_aug2.png,1,1,0
correct/reloj_093_aug3.png,1,1,0
correct/reloj_093_aug4.png,1,1,0
correct/reloj_093_aug5.png,1,1,0
correct/reloj_093_aug6.png,1,1,0
correct/reloj_093_aug7.png,1,1,0
correct/reloj_093_aug8.png,1,1,0
correct/reloj_093_aug9.png,1,1,0
correct/reloj_093_aug10.png,1,1,0
correct/reloj_093_aug11.png,1,1,0
correct/reloj_093_aug12.png,1,1,0
correct/reloj_093_aug13.png,1,1,0
correct/reloj_093_aug14.png,1,1,0
correct/reloj_093_aug15.png,1,1,0
correct/reloj_093_aug16.png,1,1,0
correct/reloj_093_aug17.png,1,1,0
correct/reloj_093_aug18.png,1,1,0
correct/reloj_093_aug19.png,1,1,0
correct/reloj_093_aug20.png,1,1,0
correct/reloj_093_aug21.png,1,1,0
correct/reloj_093_aug22.png,1,1,0
correct/reloj_093_aug23.png,1,1,0
correct/reloj_093_aug24.png,1,1,0
correct/reloj_093_aug25.png,1,1,0
correct/reloj_093_aug26.png,1,1,0
correct/reloj_093_aug27.png,1,1,0
correct/reloj_093_aug28.png,1,1,0
correct/reloj_093_aug29.png,1,1,0
correct/reloj_093_aug30.png,1,1,0
correct/reloj_093_aug31.png,1,1,0
correct/reloj_093_aug32.png,1,1,0
correct/reloj_093_aug33.png,1,1,0
correct/reloj_093_aug34.png,1,1,0
correct/reloj_093_aug35.png,1,1,0
correct/reloj_093_aug36.png,1,1,0
correct/reloj_093_aug37.png,1,1,0
correct/reloj_093_aug38.png,1,1,0
correct/reloj_093_aug39.png,1,1,0
correct/reloj_093_aug40.png,1,1,0
correct/reloj_093_aug41.png,1,1,0
correct/reloj_178_aug0.jpg,1,1,0
correct/reloj_178_aug1.jpg,1,1,0
correct/reloj_178_aug2.jpg,1,1,0
correct/reloj_178_aug3.jpg,1,1,0
correct/reloj_178_aug4.jpg,1,1,0
correct/reloj_178_aug5.jpg,1,1,0
correct/reloj_178_aug6.jpg,1,1,0
correct/reloj_178_aug7.jpg,1,1,0
correct/reloj_178_aug8.jpg,1,1,0
correct/reloj_178_aug9.jpg,1,1,0
correct/reloj_178_aug10.jpg,1,1,0
correct/reloj_178_aug11.jpg,1,1,0
correct/reloj_178_aug12.jpg,1,1,0
correct/reloj_178_aug13.jpg,1,1,0
correct/reloj_178_aug14.jpg,1,1,0
correct/reloj_178_aug15.jpg,1,1,0
correct/reloj_178_aug16.jpg,1,1,0
correct/reloj_178_aug17.jpg,1,1,0
correct/reloj_178_aug18.jpg,1,1,0
correct/reloj_178_aug19.jpg,1,1,0
correct/reloj_178_aug20.jpg,1,1,0
correct/reloj_178_aug21.jpg,1,1,0
correct/reloj_178_aug22.jpg,1,1,0
correct/reloj_178_aug23.jpg,1,1,0
correct/reloj_178_aug24.jpg,1,1,0
correct/reloj_178_aug25.jpg,1,1,0
correct/reloj_178_aug26.jpg,1,1,0
correct/reloj_178_aug27.jpg,1,1,0
correct/reloj_178_aug28.jpg,1,1,0
correct/reloj_178_aug29.jpg,1,1,0
correct/reloj_178_aug30.jpg,1,1,0
correct/reloj_178_aug31.jpg,1,1,0
correct/reloj_178_aug32.jpg,1,1,0
correct/reloj_178_aug33.jpg,1,1,0
correct/reloj_178_aug34.jpg,1,1,0
correct/reloj_178_aug35.jpg,1,1,0
correct/reloj_178_aug36.jpg,1,1,0
correct/reloj_178_aug37.jpg,1,1,0
correct/reloj_178_aug38.jpg,1,1,0
correct/reloj_178_aug39.jpg,1,1,0
correct/reloj_178_aug40.jpg,1,1,0
correct/reloj_178_aug41.jpg,1,1,0
correct/reloj_193_aug0.jpg,1,1,1
correct/reloj_193_aug1.jpg,1,1,1
correct/reloj_193_aug2.jpg,1,1,1
correct/reloj_193_aug3.jpg,1,1,1
correct/reloj_193_aug4.jpg,1,1,1
correct/reloj_193_aug5.jpg,1,1,1
correct/reloj_193_aug6.jpg,1,1,1
correct/reloj_193_aug7.jpg,1,1,1
correct/reloj_193_aug8.jpg,1,1,1
correct/reloj_193_aug9.jpg,1,1,1
correct/reloj_193_aug10.jpg,1,1,1
correct/reloj_193_aug11.jpg,1,1,1
correct/reloj_193_aug12.jpg,1,1,1
correct/reloj_193_aug13.jpg,1,1,1
correct/reloj_193_aug14.jpg,1,1,1
correct/reloj_193_aug15.jpg,1,1,1
correct/reloj_193_aug16.jpg,1,1,1
correct/reloj_193_aug17.jpg,1,1,1
correct/reloj_193_aug18.jpg,1,1,1
correct/reloj_193_aug19.jpg,1,1,1
correct/reloj_193_aug20.jpg,1,1,1
correct/reloj_193_aug21.jpg,1,1,1
correct/reloj_193_aug22.jpg,1,1,1
correct/reloj_193_aug23.jpg,1,1,1
correct/reloj_193_aug24.jpg,1,1,1
correct/reloj_193_aug25.jpg,1,1,1
correct/reloj_193_aug26.jpg,1,1,1
correct/reloj_193_aug27.jpg,1,1,1
correct/reloj_193_aug28.jpg,1,1,1
correct/reloj_193_aug29.jpg,1,1,1
correct/reloj_193_aug30.jpg,1,1,1
correct/reloj_193_aug31.jpg,1,1,1
correct/reloj_193_aug32.jpg,1,1,1
correct/reloj_193_aug33.jpg,1,1,1
correct/reloj_193_aug34.jpg,1,1,1
correct/reloj_193_aug35.jpg,1,1,1
correct/reloj_193_aug36.jpg,1,1,1
correct/reloj_193_aug37.jpg,1,1,1
correct/reloj_193_aug38.jpg,1,1,1
correct/reloj_193_aug39.jpg,1,1,1
correct/reloj_193_aug40.jpg,1,1,1
correct/reloj_193_aug41.jpg,1,1,1
correct/reloj_154_aug0.png,1,1,1
correct/reloj_154_aug1.png,1,1,1
correct/reloj_154_aug2.png,1,1,1
correct/reloj_154_aug3.png,1,1,1
correct/reloj_154_aug4.png,1,1,1
correct/reloj_154_aug5.png,1,1,1
correct/reloj_154_aug6.png,1,1,1
correct/reloj_154_aug7.png,1,1,1
correct/reloj_154_aug8.png,1,1,1
correct/reloj_154_aug9.png,1,1,1
correct/reloj_154_aug10.png,1,1,1
correct/reloj_154_aug11.png,1,1,1
correct/reloj_154_aug12.png,1,1,1
correct/reloj_154_aug13.png,1,1,1
correct/reloj_154_aug14.png,1,1,1
correct/reloj_154_aug15.png,1,1,1
correct/reloj_154_aug16.png,1,1,1
correct/reloj_154_aug17.png,1,1,1
correct/reloj_154_aug18.png,1,1,1
correct/reloj_154_aug19.png,1,1,1
correct/reloj_154_aug20.png,1,1,1
correct/reloj_154_aug21.png,1,1,1
correct/reloj_154_aug22.png,1,1,1
correct/reloj_154_aug23.png,1,1,1
correct/reloj_154_aug24.png,1,1,1
correct/reloj_154_aug25.png,1,1,1
correct/reloj_154_aug26.png,1,1,1
correct/reloj_154_aug27.png,1,1,1
correct/reloj_154_aug28.png,1,1,1
correct/reloj_154_aug29.png,1,1,1
correct/reloj_154_aug30.png,1,1,1
correct/reloj_154_aug31.png,1,1,1
correct/reloj_154_aug32.png,1,1,1
correct/reloj_154_aug33.png,1,1,1
correct/reloj_154_aug34.png,1,1,1
correct/reloj_154_aug35.png,1,1,1
correct/reloj_154_aug36.png,1,1,1
correct/reloj_154_aug37.png,1,1,1
correct/reloj_154_aug38.png,1,1,1
correct/reloj_154_aug39.png,1,1,1
correct/reloj_154_aug40.png,1,1,1
correct/reloj_154_aug41.png,1,1,1
correct/reloj_157_aug0.png,1,1,1
correct/reloj_157_aug1.png,1,1,1
correct/reloj_157_aug2.png,1,1,1
correct/reloj_157_aug3.png,1,1,1
correct/reloj_157_aug4.png,1,1,1
correct/reloj_157_aug5.png,1,1,1
correct/reloj_157_aug6.png,1,1,1
correct/reloj_157_aug7.png,1,1,1
correct/reloj_157_aug8.png,1,1,1
correct/reloj_157_aug9.png,1,1,1
correct/reloj_157_aug10.png,1,1,1
correct/reloj_157_aug11.png,1,1,1
correct/reloj_157_aug12.png,1,1,1
correct/reloj_157_aug13.png,1,1,1
correct/reloj_157_aug14.png,1,1,1
correct/reloj_157_aug15.png,1,1,1
correct/reloj_157_aug16.png,1,1,1
correct/reloj_157_aug17.png,1,1,1
correct/reloj_157_aug18.png,1,1,1
correct/reloj_157_aug19.png,1,1,1
correct/reloj_157_aug20.png,1,1,1
correct/reloj_157_aug21.png,1,1,1
correct/reloj_157_aug22.png,1,1,1
correct/reloj_157_aug23.png,1,1,1
correct/reloj_157_aug24.png,1,1,1
correct/reloj_157_aug25.png,1,1,1
correct/reloj_157_aug26.png,1,1,1
correct/reloj_157_aug27.png,1,1,1
correct/reloj_157_aug28.png,1,1,1
correct/reloj_157_aug29.png,1,1,1
correct/reloj_157_aug30.png,1,1,1
correct/reloj_157_aug31.png,1,1,1
correct/reloj_157_aug32.png,1,1,1
correct/reloj_157_aug33.png,1,1,1
correct/reloj_157_aug34.png,1,1,1
correct/reloj_157_aug35.png,1,1,1
correct/reloj_157_aug36.png,1,1,1
correct/reloj_157_aug37.png,1,1,1
correct/reloj_157_aug38.png,1,1,1
correct/reloj_157_aug39.png,1,1,1
correct/reloj_157_aug40.png,1,1,1
correct/reloj_157_aug41.png,1,1,1
correct/reloj_185_aug0.jpg,1,1,1
correct/reloj_185_aug1.jpg,1,1,1
correct/reloj_185_aug2.jpg,1,1,1
correct/reloj_185_aug3.jpg,1,1,1
correct/reloj_185_aug4.jpg,1,1,1
correct/reloj_185_aug5.jpg,1,1,1
correct/reloj_185_aug6.jpg,1,1,1
correct/reloj_185_aug7.jpg,1,1,1
correct/reloj_185_aug8.jpg,1,1,1
correct/reloj_185_aug9.jpg,1,1,1
correct/reloj_185_aug10.jpg,1,1,1
correct/reloj_185_aug11.jpg,1,1,1
correct/reloj_185_aug12.jpg,1,1,1
correct/reloj_185_aug13.jpg,1,1,1
correct/reloj_185_aug14.jpg,1,1,1
correct/reloj_185_aug15.jpg,1,1,1
correct/reloj_185_aug16.jpg,1,1,1
correct/reloj_185_aug17.jpg,1,1,1
correct/reloj_185_aug18.jpg,1,1,1
correct/reloj_185_aug19.jpg,1,1,1
correct/reloj_185_aug20.jpg,1,1,1
correct/reloj_185_aug21.jpg,1,1,1
correct/reloj_185_aug22.jpg,1,1,1
correct/reloj_185_aug23.jpg,1,1,1
correct/reloj_185_aug24.jpg,1,1,1
correct/reloj_185_aug25.jpg,1,1,1
correct/reloj_185_aug26.jpg,1,1,1
correct/reloj_185_aug27.jpg,1,1,1
correct/reloj_185_aug28.jpg,1,1,1
correct/reloj_185_aug29.jpg,1,1,1
correct/reloj_185_aug30.jpg,1,1,1
correct/reloj_185_aug31.jpg,1,1,1
correct/reloj_185_aug32.jpg,1,1,1
correct/reloj_185_aug33.jpg,1,1,1
correct/reloj_185_aug34.jpg,1,1,1
correct/reloj_185_aug35.jpg,1,1,1
correct/reloj_185_aug36.jpg,1,1,1
correct/reloj_185_aug37.jpg,1,1,1
correct/reloj_185_aug38.jpg,1,1,1
correct/reloj_185_aug39.jpg,1,1,1
correct/reloj_185_aug40.jpg,1,1,1
correct/reloj_185_aug41.jpg,1,1,1
correct/reloj_203_aug0.jpg,1,1,1
correct/reloj_203_aug1.jpg,1,1,1
correct/reloj_203_aug2.jpg,1,1,1
correct/reloj_203_aug3.jpg,1,1,1
correct/reloj_203_aug4.jpg,1,1,1
correct/reloj_203_aug5.jpg,1,1,1
correct/reloj_203_aug6.jpg,1,1,1
correct/reloj_203_aug7.jpg,1,1,1
correct/reloj_203_aug8.jpg,1,1,1
correct/reloj_203_aug9.jpg,1,1,1
correct/reloj_203_aug10.jpg,1,1,1
correct/reloj_203_aug11.jpg,1,1,1
correct/reloj_203_aug12.jpg,1,1,1
correct/reloj_203_aug13.jpg,1,1,1
correct/reloj_203_aug14.jpg,1,1,1
correct/reloj_203_aug15.jpg,1,1,1
correct/reloj_203_aug16.jpg,1,1,1
correct/reloj_203_aug17.jpg,1,1,1
correct/reloj_203_aug18.jpg,1,1,1
correct/reloj_203_aug19.jpg,1,1,1
correct/reloj_203_aug20.jpg,1,1,1
correct/reloj_203_aug21.jpg,1,1,1
correct/reloj_203_aug22.jpg,1,1,1
correct/reloj_203_aug23.jpg,1,1,1
correct/reloj_203_aug24.jpg,1,1,1
correct/reloj_203_aug25.jpg,1,1,1
correct/reloj_203_aug26.jpg,1,1,1
correct/reloj_203_aug27.jpg,1,1,1
correct/reloj_203_aug28.jpg,1,1,1
correct/reloj_203_aug29.jpg,1,1,1
correct/reloj_203_aug30.jpg,1,1,1
correct/reloj_203_aug31.jpg,1,1,1
correct/reloj_203_aug32.jpg,1,1,1
correct/reloj_203_aug33.jpg,1,1,1
correct/reloj_203_aug34.jpg,1,1,1
correct/reloj_203_aug35.jpg,1,1,1
correct/reloj_203_aug36.jpg,1,1,1
correct/reloj_203_aug37.jpg,1,1,1
correct/reloj_203_aug38.jpg,1,1,1
correct/reloj_203_aug39.jpg,1,1,1
correct/reloj_203_aug40.jpg,1,1,1
correct/reloj_203_aug41.jpg,1,1,1
correct/reloj_153_aug0.png,1,1,1
correct/reloj_153_aug1.png,1,1,1
correct/reloj_153_aug2.png,1,1,1
correct/reloj_153_aug3.png,1,1,1
correct/reloj_153_aug4.png,1,1,1
correct/reloj_153_aug5.png,1,1,1
correct/reloj_153_aug6.png,1,1,1
correct/reloj_153_aug7.png,1,1,1
correct/reloj_153_aug8.png,1,1,1
correct/reloj_153_aug9.png,1,1,1
correct/reloj_153_aug10.png,1,1,1
correct/reloj_153_aug11.png,1,1,1
correct/reloj_153_aug12.png,1,1,1
correct/reloj_153_aug13.png,1,1,1
correct/reloj_153_aug14.png,1,1,1
correct/reloj_153_aug15.png,1,1,1
correct/reloj_153_aug16.png,1,1,1
correct/reloj_153_aug17.png,1,1,1
correct/reloj_153_aug18.png,1,1,1
correct/reloj_153_aug19.png,1,1,1
correct/reloj_153_aug20.png,1,1,1
correct/reloj_153_aug21.png,1,1,1
correct/reloj_153_aug22.png,1,1,1
correct/reloj_153_aug23.png,1,1,1
correct/reloj_153_aug24.png,1,1,1
correct/reloj_153_aug25.png,1,1,1
correct/reloj_153_aug26.png,1,1,1
correct/reloj_153_aug27.png,1,1,1
correct/reloj_153_aug28.png,1,1,1
correct/reloj_153_aug29.png,1,1,1
correct/reloj_153_aug30.png,1,1,1
correct/reloj_153_aug31.png,1,1,1
correct/reloj_153_aug32.png,1,1,1
correct/reloj_153_aug33.png,1,1,1
correct/reloj_153_aug34.png,1,1,1
correct/reloj_153_aug35.png,1,1,1
correct/reloj_153_aug36.png,1,1,1
correct/reloj_153_aug37.png,1,1,1
correct/reloj_153_aug38.png,1,1,1
correct/reloj_153_aug39.png,1,1,1
correct/reloj_153_aug40.png,1,1,1
correct/reloj_153_aug41.png,1,1,1
correct/reloj_186_aug0.jpg,1,1,1
correct/reloj_186_aug1.jpg,1,1,1
correct/reloj_186_aug2.jpg,1,1,1
correct/reloj_186_aug3.jpg,1,1,1
correct/reloj_186_aug4.jpg,1,1,1
correct/reloj_186_aug5.jpg,1,1,1
correct/reloj_186_aug6.jpg,1,1,1
correct/reloj_186_aug7.jpg,1,1,1
correct/reloj_186_aug8.jpg,1,1,1
correct/reloj_186_aug9.jpg,1,1,1
correct/reloj_186_aug10.jpg,1,1,1
correct/reloj_186_aug11.jpg,1,1,1
correct/reloj_186_aug12.jpg,1,1,1
correct/reloj_186_aug13.jpg,1,1,1
correct/reloj_186_aug14.jpg,1,1,1
correct/reloj_186_aug15.jpg,1,1,1
correct/reloj_186_aug16.jpg,1,1,1
correct/reloj_186_aug17.jpg,1,1,1
correct/reloj_186_aug18.jpg,1,1,1
correct/reloj_186_aug19.jpg,1,1,1
correct/reloj_186_aug20.jpg,1,1,1
correct/reloj_186_aug21.jpg,1,1,1
correct/reloj_186_aug22.jpg,1,1,1
correct/reloj_186_aug23.jpg,1,1,1
correct/reloj_186_aug24.jpg,1,1,1
correct/reloj_186_aug25.jpg,1,1,1
correct/reloj_186_aug26.jpg,1,1,1
correct/reloj_186_aug27.jpg,1,1,1
correct/reloj_186_aug28.jpg,1,1,1
correct/reloj_186_aug29.jpg,1,1,1
correct/reloj_186_aug30.jpg,1,1,1
correct/reloj_186_aug31.jpg,1,1,1
correct/reloj_186_aug32.jpg,1,1,1
correct/reloj_186_aug33.jpg,1,1,1
correct/reloj_186_aug34.jpg,1,1,1
correct/reloj_186_aug35.jpg,1,1,1
correct/reloj_186_aug36.jpg,1,1,1
correct/reloj_186_aug37.jpg,1,1,1
correct/reloj_186_aug38.jpg,1,1,1
correct/reloj_186_aug39.jpg,1,1,1
correct/reloj_186_aug40.jpg,1,1,1
correct/reloj_186_aug41.jpg,1,1,1
correct/reloj_107_aug0.png,1,1,1
correct/reloj_107_aug1.png,1,1,1
correct/reloj_107_aug2.png,1,1,1
correct/reloj_107_aug3.png,1,1,1
correct/reloj_107_aug4.png,1,1,1
correct/reloj_107_aug5.png,1,1,1
correct/reloj_107_aug6.png,1,1,1
correct/reloj_107_aug7.png,1,1,1
correct/reloj_107_aug8.png,1,1,1
correct/reloj_107_aug9.png,1,1,1
correct/reloj_107_aug10.png,1,1,1
correct/reloj_107_aug11.png,1,1,1
correct/reloj_107_aug12.png,1,1,1
correct/reloj_107_aug13.png,1,1,1
correct/reloj_107_aug14.png,1,1,1
correct/reloj_107_aug15.png,1,1,1
correct/reloj_107_aug16.png,1,1,1
correct/reloj_107_aug17.png,1,1,1
correct/reloj_107_aug18.png,1,1,1
correct/reloj_107_aug19.png,1,1,1
correct/reloj_107_aug20.png,1,1,1
correct/reloj_107_aug21.png,1,1,1
correct/reloj_107_aug22.png,1,1,1
correct/reloj_107_aug23.png,1,1,1
correct/reloj_107_aug24.png,1,1,1
correct/reloj_107_aug25.png,1,1,1
correct/reloj_107_aug26.png,1,1,1
correct/reloj_107_aug27.png,1,1,1
correct/reloj_107_aug28.png,1,1,1
correct/reloj_107_aug29.png,1,1,1
correct/reloj_107_aug30.png,1,1,1
correct/reloj_107_aug31.png,1,1,1
correct/reloj_107_aug32.png,1,1,1
correct/reloj_107_aug33.png,1,1,1
correct/reloj_107_aug34.png,1,1,1
correct/reloj_107_aug35.png,1,1,1
correct/reloj_107_aug36.png,1,1,1
correct/reloj_107_aug37.png,1,1,1
correct/reloj_107_aug38.png,1,1,1
correct/reloj_107_aug39.png,1,1,1
correct/reloj_107_aug40.png,1,1,1
correct/reloj_107_aug41.png,1,1,1
correct/reloj_158_aug0.png,1,1,1
correct/reloj_158_aug1.png,1,1,1
correct/reloj_158_aug2.png,1,1,1
correct/reloj_158_aug3.png,1,1,1
correct/reloj_158_aug4.png,1,1,1
correct/reloj_158_aug5.png,1,1,1
correct/reloj_158_aug6.png,1,1,1
correct/reloj_158_aug7.png,1,1,1
correct/reloj_158_aug8.png,1,1,1
correct/reloj_158_aug9.png,1,1,1
correct/reloj_158_aug10.png,1,1,1
correct/reloj_158_aug11.png,1,1,1
correct/reloj_158_aug12.png,1,1,1
correct/reloj_158_aug13.png,1,1,1
correct/reloj_158_aug14.png,1,1,1
correct/reloj_158_aug15.png,1,1,1
correct/reloj_158_aug16.png,1,1,1
correct/reloj_158_aug17.png,1,1,1
correct/reloj_158_aug18.png,1,1,1
correct/reloj_158_aug19.png,1,1,1
correct/reloj_158_aug20.png,1,1,1
correct/reloj_158_aug21.png,1,1,1
correct/reloj_158_aug22.png,1,1,1
correct/reloj_158_aug23.png,1,1,1
correct/reloj_158_aug24.png,1,1,1
correct/reloj_158_aug25.png,1,1,1
correct/reloj_158_aug26.png,1,1,1
correct/reloj_158_aug27.png,1,1,1
correct/reloj_158_aug28.png,1,1,1
correct/reloj_158_aug29.png,1,1,1
correct/reloj_158_aug30.png,1,1,1
correct/reloj_158_aug31.png,1,1,1
correct/reloj_158_aug32.png,1,1,1
correct/reloj_158_aug33.png,1,1,1
correct/reloj_158_aug34.png,1,1,1
correct/reloj_158_aug35.png,1,1,1
correct/reloj_158_aug36.png,1,1,1
correct/reloj_158_aug37.png,1,1,1
correct/reloj_158_aug38.png,1,1,1
correct/reloj_158_aug39.png,1,1,1
correct/reloj_158_aug40.png,1,1,1
correct/reloj_158_aug41.png,1,1,1
correct/reloj_151_aug0.png,1,1,1
correct/reloj_151_aug1.png,1,1,1
correct/reloj_151_aug2.png,1,1,1
correct/reloj_151_aug3.png,1,1,1
correct/reloj_151_aug4.png,1,1,1
correct/reloj_151_aug5.png,1,1,1
correct/reloj_151_aug6.png,1,1,1
correct/reloj_151_aug7.png,1,1,1
correct/reloj_151_aug8.png,1,1,1
correct/reloj_151_aug9.png,1,1,1
correct/reloj_151_aug10.png,1,1,1
correct/reloj_151_aug11.png,1,1,1
correct/reloj_151_aug12.png,1,1,1
correct/reloj_151_aug13.png,1,1,1
correct/reloj_151_aug14.png,1,1,1
correct/reloj_151_aug15.png,1,1,1
correct/reloj_151_aug16.png,1,1,1
correct/reloj_151_aug17.png,1,1,1
correct/reloj_151_aug18.png,1,1,1
correct/reloj_151_aug19.png,1,1,1
correct/reloj_151_aug20.png,1,1,1
correct/reloj_151_aug21.png,1,1,1
correct/reloj_151_aug22.png,1,1,1
correct/reloj_151_aug23.png,1,1,1
correct/reloj_151_aug24.png,1,1,1
correct/reloj_151_aug25.png,1,1,1
correct/reloj_151_aug26.png,1,1,1
correct/reloj_151_aug27.png,1,1,1
correct/reloj_151_aug28.png,1,1,1
correct/reloj_151_aug29.png,1,1,1
correct/reloj_151_aug30.png,1,1,1
correct/reloj_151_aug31.png,1,1,1
correct/reloj_151_aug32.png,1,1,1
correct/reloj_151_aug33.png,1,1,1
correct/reloj_151_aug34.png,1,1,1
correct/reloj_151_aug35.png,1,1,1
correct/reloj_151_aug36.png,1,1,1
correct/reloj_151_aug37.png,1,1,1
correct/reloj_151_aug38.png,1,1,1
correct/reloj_151_aug39.png,1,1,1
correct/reloj_151_aug40.png,1,1,1
correct/reloj_151_aug41.png,1,1,1
correct/reloj_199_aug0.jpg,1,1,1
correct/reloj_199_aug1.jpg,1,1,1
correct/reloj_199_aug2.jpg,1,1,1
correct/reloj_199_aug3.jpg,1,1,1
correct/reloj_199_aug4.jpg,1,1,1
correct/reloj_199_aug5.jpg,1,1,1
correct/reloj_199_aug6.jpg,1,1,1
correct/reloj_199_aug7.jpg,1,1,1
correct/reloj_199_aug8.jpg,1,1,1
correct/reloj_199_aug9.jpg,1,1,1
correct/reloj_199_aug10.jpg,1,1,1
correct/reloj_199_aug11.jpg,1,1,1
correct/reloj_199_aug12.jpg,1,1,1
correct/reloj_199_aug13.jpg,1,1,1
correct/reloj_199_aug14.jpg,1,1,1
correct/reloj_199_aug15.jpg,1,1,1
correct/reloj_199_aug16.jpg,1,1,1
correct/reloj_199_aug17.jpg,1,1,1
correct/reloj_199_aug18.jpg,1,1,1
correct/reloj_199_aug19.jpg,1,1,1
correct/reloj_199_aug20.jpg,1,1,1
correct/reloj_199_aug21.jpg,1,1,1
correct/reloj_199_aug22.jpg,1,1,1
correct/reloj_199_aug23.jpg,1,1,1
correct/reloj_199_aug24.jpg,1,1,1
correct/reloj_199_aug25.jpg,1,1,1
correct/reloj_199_aug26.jpg,1,1,1
correct/reloj_199_aug27.jpg,1,1,1
correct/reloj_199_aug28.jpg,1,1,1
correct/reloj_199_aug29.jpg,1,1,1
correct/reloj_199_aug30.jpg,1,1,1
correct/reloj_199_aug31.jpg,1,1,1
correct/reloj_199_aug32.jpg,1,1,1
correct/reloj_199_aug33.jpg,1,1,1
correct/reloj_199_aug34.jpg,1,1,1
correct/reloj_199_aug35.jpg,1,1,1
correct/reloj_199_aug36.jpg,1,1,1
correct/reloj_199_aug37.jpg,1,1,1
correct/reloj_199_aug38.jpg,1,1,1
correct/reloj_199_aug39.jpg,1,1,1
correct/reloj_199_aug40.jpg,1,1,1
correct/reloj_199_aug41.jpg,1,1,1
correct/reloj_204_aug0.jpg,1,1,1
correct/reloj_204_aug1.jpg,1,1,1
correct/reloj_204_aug2.jpg,1,1,1
correct/reloj_204_aug3.jpg,1,1,1
correct/reloj_204_aug4.jpg,1,1,1
correct/reloj_204_aug5.jpg,1,1,1
correct/reloj_204_aug6.jpg,1,1,1
correct/reloj_204_aug7.jpg,1,1,1
correct/reloj_204_aug8.jpg,1,1,1
correct/reloj_204_aug9.jpg,1,1,1
correct/reloj_204_aug10.jpg,1,1,1
correct/reloj_204_aug11.jpg,1,1,1
correct/reloj_204_aug12.jpg,1,1,1
correct/reloj_204_aug13.jpg,1,1,1
correct/reloj_204_aug14.jpg,1,1,1
correct/reloj_204_aug15.jpg,1,1,1
correct/reloj_204_aug16.jpg,1,1,1
correct/reloj_204_aug17.jpg,1,1,1
correct/reloj_204_aug18.jpg,1,1,1
correct/reloj_204_aug19.jpg,1,1,1
correct/reloj_204_aug20.jpg,1,1,1
correct/reloj_204_aug21.jpg,1,1,1
correct/reloj_204_aug22.jpg,1,1,1
correct/reloj_204_aug23.jpg,1,1,1
correct/reloj_204_aug24.jpg,1,1,1
correct/reloj_204_aug25.jpg,1,1,1
correct/reloj_204_aug26.jpg,1,1,1
correct/reloj_204_aug27.jpg,1,1,1
correct/reloj_204_aug28.jpg,1,1,1
correct/reloj_204_aug29.jpg,1,1,1
correct/reloj_204_aug30.jpg,1,1,1
correct/reloj_204_aug31.jpg,1,1,1
correct/reloj_204_aug32.jpg,1,1,1
correct/reloj_204_aug33.jpg,1,1,1
correct/reloj_204_aug34.jpg,1,1,1
correct/reloj_204_aug35.jpg,1,1,1
correct/reloj_204_aug36.jpg,1,1,1
correct/reloj_204_aug37.jpg,1,1,1
correct/reloj_204_aug38.jpg,1,1,1
correct/reloj_204_aug39.jpg,1,1,1
correct/reloj_204_aug40.jpg,1,1,1
correct/reloj_204_aug41.jpg,1,1,1
correct/reloj_101_aug0.png,1,1,1
correct/reloj_101_aug1.png,1,1,1
correct/reloj_101_aug2.png,1,1,1
correct/reloj_101_aug3.png,1,1,1
correct/reloj_101_aug4.png,1,1,1
correct/reloj_101_aug5.png,1,1,1
correct/reloj_101_aug6.png,1,1,1
correct/reloj_101_aug7.png,1,1,1
correct/reloj_101_aug8.png,1,1,1
correct/reloj_101_aug9.png,1,1,1
correct/reloj_101_aug10.png,1,1,1
correct/reloj_101_aug11.png,1,1,1
correct/reloj_101_aug12.png,1,1,1
correct/reloj_101_aug13.png,1,1,1
correct/reloj_101_aug14.png,1,1,1
correct/reloj_101_aug15.png,1,1,1
correct/reloj_101_aug16.png,1,1,1
correct/reloj_101_aug17.png,1,1,1
correct/reloj_101_aug18.png,1,1,1
correct/reloj_101_aug19.png,1,1,1
correct/reloj_101_aug20.png,1,1,1
correct/reloj_101_aug21.png,1,1,1
correct/reloj_101_aug22.png,1,1,1
correct/reloj_101_aug23.png,1,1,1
correct/reloj_101_aug24.png,1,1,1
correct/reloj_101_aug25.png,1,1,1
correct/reloj_101_aug26.png,1,1,1
correct/reloj_101_aug27.png,1,1,1
correct/reloj_101_aug28.png,1,1,1
correct/reloj_101_aug29.png,1,1,1
correct/reloj_101_aug30.png,1,1,1
correct/reloj_101_aug31.png,1,1,1
correct/reloj_101_aug32.png,1,1,1
correct/reloj_101_aug33.png,1,1,1
correct/reloj_101_aug34.png,1,1,1
correct/reloj_101_aug35.png,1,1,1
correct/reloj_101_aug36.png,1,1,1
correct/reloj_101_aug37.png,1,1,1
correct/reloj_101_aug38.png,1,1,1
correct/reloj_101_aug39.png,1,1,1
correct/reloj_101_aug40.png,1,1,1
correct/reloj_101_aug41.png,1,1,1
correct/reloj_198_aug0.jpg,1,1,1
correct/reloj_198_aug1.jpg,1,1,1
correct/reloj_198_aug2.jpg,1,1,1
correct/reloj_198_aug3.jpg,1,1,1
correct/reloj_198_aug4.jpg,1,1,1
correct/reloj_198_aug5.jpg,1,1,1
correct/reloj_198_aug6.jpg,1,1,1
correct/reloj_198_aug7.jpg,1,1,1
correct/reloj_198_aug8.jpg,1,1,1
correct/reloj_198_aug9.jpg,1,1,1
correct/reloj_198_aug10.jpg,1,1,1
correct/reloj_198_aug11.jpg,1,1,1
correct/reloj_198_aug12.jpg,1,1,1
correct/reloj_198_aug13.jpg,1,1,1
correct/reloj_198_aug14.jpg,1,1,1
correct/reloj_198_aug15.jpg,1,1,1
correct/reloj_198_aug16.jpg,1,1,1
correct/reloj_198_aug17.jpg,1,1,1
correct/reloj_198_aug18.jpg,1,1,1
correct/reloj_198_aug19.jpg,1,1,1
correct/reloj_198_aug20.jpg,1,1,1
correct/reloj_198_aug21.jpg,1,1,1
correct/reloj_198_aug22.jpg,1,1,1
correct/reloj_198_aug23.jpg,1,1,1
correct/reloj_198_aug24.jpg,1,1,1
correct/reloj_198_aug25.jpg,1,1,1
correct/reloj_198_aug26.jpg,1,1,1
correct/reloj_198_aug27.jpg,1,1,1
correct/reloj_198_aug28.jpg,1,1,1
correct/reloj_198_aug29.jpg,1,1,1
correct/reloj_198_aug30.jpg,1,1,1
correct/reloj_198_aug31.jpg,1,1,1
correct/reloj_198_aug32.jpg,1,1,1
correct/reloj_198_aug33.jpg,1,1,1
correct/reloj_198_aug34.jpg,1,1,1
correct/reloj_198_aug35.jpg,1,1,1
correct/reloj_198_aug36.jpg,1,1,1
correct/reloj_198_aug37.jpg,1,1,1
correct/reloj_198_aug38.jpg,1,1,1
correct/reloj_198_aug39.jpg,1,1,1
correct/reloj_198_aug40.jpg,1,1,1
correct/reloj_198_aug41.jpg,1,1,1
correct/reloj_202_aug0.jpg,1,1,1
correct/reloj_202_aug1.jpg,1,1,1
correct/reloj_202_aug2.jpg,1,1,1
correct/reloj_202_aug3.jpg,1,1,1
correct/reloj_202_aug4.jpg,1,1,1
correct/reloj_202_aug5.jpg,1,1,1
correct/reloj_202_aug6.jpg,1,1,1
correct/reloj_202_aug7.jpg,1,1,1
correct/reloj_202_aug8.jpg,1,1,1
correct/reloj_202_aug9.jpg,1,1,1
correct/reloj_202_aug10.jpg,1,1,1
correct/reloj_202_aug11.jpg,1,1,1
correct/reloj_202_aug12.jpg,1,1,1
correct/reloj_202_aug13.jpg,1,1,1
correct/reloj_202_aug14.jpg,1,1,1
correct/reloj_202_aug15.jpg,1,1,1
correct/reloj_202_aug16.jpg,1,1,1
correct/reloj_202_aug17.jpg,1,1,1
correct/reloj_202_aug18.jpg,1,1,1
correct/reloj_202_aug19.jpg,1,1,1
correct/reloj_202_aug20.jpg,1,1,1
correct/reloj_202_aug21.jpg,1,1,1
correct/reloj_202_aug22.jpg,1,1,1
correct/reloj_202_aug23.jpg,1,1,1
correct/reloj_202_aug24.jpg,1,1,1
correct/reloj_202_aug25.jpg,1,1,1
correct/reloj_202_aug26.jpg,1,1,1
correct/reloj_202_aug27.jpg,1,1,1
correct/reloj_202_aug28.jpg,1,1,1
correct/reloj_202_aug29.jpg,1,1,1
correct/reloj_202_aug30.jpg,1,1,1
correct/reloj_202_aug31.jpg,1,1,1
correct/reloj_202_aug32.jpg,1,1,1
correct/reloj_202_aug33.jpg,1,1,1
correct/reloj_202_aug34.jpg,1,1,1
correct/reloj_202_aug35.jpg,1,1,1
correct/reloj_202_aug36.jpg,1,1,1
correct/reloj_202_aug37.jpg,1,1,1
correct/reloj_202_aug38.jpg,1,1,1
correct/reloj_202_aug39.jpg,1,1,1
correct/reloj_202_aug40.jpg,1,1,1
correct/reloj_202_aug41.jpg,1,1,1
correct/reloj_055_aug0.png,1,1,1
correct/reloj_055_aug1.png,1,1,1
correct/reloj_055_aug2.png,1,1,1
correct/reloj_055_aug3.png,1,1,1
correct/reloj_055_aug4.png,1,1,1
correct/reloj_055_aug5.png,1,1,1
correct/reloj_055_aug6.png,1,1,1
correct/reloj_055_aug7.png,1,1,1
correct/reloj_055_aug8.png,1,1,1
correct/reloj_055_aug9.png,1,1,1
correct/reloj_055_aug10.png,1,1,1
correct/reloj_055_aug11.png,1,1,1
correct/reloj_055_aug12.png,1,1,1
correct/reloj_055_aug13.png,1,1,1
correct/reloj_055_aug14.png,1,1,1
correct/reloj_055_aug15.png,1,1,1
correct/reloj_055_aug16.png,1,1,1
correct/reloj_055_aug17.png,1,1,1
correct/reloj_055_aug18.png,1,1,1
correct/reloj_055_aug19.png,1,1,1
correct/reloj_055_aug20.png,1,1,1
correct/reloj_055_aug21.png,1,1,1
correct/reloj_055_aug22.png,1,1,1
correct/reloj_055_aug23.png,1,1,1
correct/reloj_055_aug24.png,1,1,1
correct/reloj_055_aug25.png,1,1,1
correct/reloj_055_aug26.png,1,1,1
correct/reloj_055_aug27.png,1,1,1
correct/reloj_055_aug28.png,1,1,1
correct/reloj_055_aug29.png,1,1,1
correct/reloj_055_aug30.png,1,1,1
correct/reloj_055_aug31.png,1,1,1
correct/reloj_055_aug32.png,1,1,1
correct/reloj_055_aug33.png,1,1,1
correct/reloj_055_aug34.png,1,1,1
correct/reloj_055_aug35.png,1,1,1
correct/reloj_055_aug36.png,1,1,1
correct/reloj_055_aug37.png,1,1,1
correct/reloj_055_aug38.png,1,1,1
correct/reloj_055_aug39.png,1,1,1
correct/reloj_055_aug40.png,1,1,1
correct/reloj_055_aug41.png,1,1,1
correct/reloj_159_aug0.png,1,1,1
correct/reloj_159_aug1.png,1,1,1
correct/reloj_159_aug2.png,1,1,1
correct/reloj_159_aug3.png,1,1,1
correct/reloj_159_aug4.png,1,1,1
correct/reloj_159_aug5.png,1,1,1
correct/reloj_159_aug6.png,1,1,1
correct/reloj_159_aug7.png,1,1,1
correct/reloj_159_aug8.png,1,1,1
correct/reloj_159_aug9.png,1,1,1
correct/reloj_159_aug10.png,1,1,1
correct/reloj_159_aug11.png,1,1,1
correct/reloj_159_aug12.png,1,1,1
correct/reloj_159_aug13.png,1,1,1
correct/reloj_159_aug14.png,1,1,1
correct/reloj_159_aug15.png,1,1,1
correct/reloj_159_aug16.png,1,1,1
correct/reloj_159_aug17.png,1,1,1
correct/reloj_159_aug18.png,1,1,1
correct/reloj_159_aug19.png,1,1,1
correct/reloj_159_aug20.png,1,1,1
correct/reloj_159_aug21.png,1,1,1
correct/reloj_159_aug22.png,1,1,1
correct/reloj_159_aug23.png,1,1,1
correct/reloj_159_aug24.png,1,1,1
correct/reloj_159_aug25.png,1,1,1
correct/reloj_159_aug26.png,1,1,1
correct/reloj_159_aug27.png,1,1,1
correct/reloj_159_aug28.png,1,1,1
correct/reloj_159_aug29.png,1,1,1
correct/reloj_159_aug30.png,1,1,1
correct/reloj_159_aug31.png,1,1,1
correct/reloj_159_aug32.png,1,1,1
correct/reloj_159_aug33.png,1,1,1
correct/reloj_159_aug34.png,1,1,1
correct/reloj_159_aug35.png,1,1,1
correct/reloj_159_aug36.png,1,1,1
correct/reloj_159_aug37.png,1,1,1
correct/reloj_159_aug38.png,1,1,1
correct/reloj_159_aug39.png,1,1,1
correct/reloj_159_aug40.png,1,1,1
correct/reloj_159_aug41.png,1,1,1
correct/reloj_048_aug0.png,1,1,1
correct/reloj_048_aug1.png,1,1,1
correct/reloj_048_aug2.png,1,1,1
correct/reloj_048_aug3.png,1,1,1
correct/reloj_048_aug4.png,1,1,1
correct/reloj_048_aug5.png,1,1,1
correct/reloj_048_aug6.png,1,1,1
correct/reloj_048_aug7.png,1,1,1
correct/reloj_048_aug8.png,1,1,1
correct/reloj_048_aug9.png,1,1,1
correct/reloj_048_aug10.png,1,1,1
correct/reloj_048_aug11.png,1,1,1
correct/reloj_048_aug12.png,1,1,1
correct/reloj_048_aug13.png,1,1,1
correct/reloj_048_aug14.png,1,1,1
correct/reloj_048_aug15.png,1,1,1
correct/reloj_048_aug16.png,1,1,1
correct/reloj_048_aug17.png,1,1,1
correct/reloj_048_aug18.png,1,1,1
correct/reloj_048_aug19.png,1,1,1
correct/reloj_048_aug20.png,1,1,1
correct/reloj_048_aug21.png,1,1,1
correct/reloj_048_aug22.png,1,1,1
correct/reloj_048_aug23.png,1,1,1
correct/reloj_048_aug24.png,1,1,1
correct/reloj_048_aug25.png,1,1,1
correct/reloj_048_aug26.png,1,1,1
correct/reloj_048_aug27.png,1,1,1
correct/reloj_048_aug28.png,1,1,1
correct/reloj_048_aug29.png,1,1,1
correct/reloj_048_aug30.png,1,1,1
correct/reloj_048_aug31.png,1,1,1
correct/reloj_048_aug32.png,1,1,1
correct/reloj_048_aug33.png,1,1,1
correct/reloj_048_aug34.png,1,1,1
correct/reloj_048_aug35.png,1,1,1
correct/reloj_048_aug36.png,1,1,1
correct/reloj_048_aug37.png,1,1,1
correct/reloj_048_aug38.png,1,1,1
correct/reloj_048_aug39.png,1,1,1
correct/reloj_048_aug40.png,1,1,1
correct/reloj_048_aug41.png,1,1,1
correct/reloj_189_aug0.jpg,1,1,1
correct/reloj_189_aug1.jpg,1,1,1
correct/reloj_189_aug2.jpg,1,1,1
correct/reloj_189_aug3.jpg,1,1,1
correct/reloj_189_aug4.jpg,1,1,1
correct/reloj_189_aug5.jpg,1,1,1
correct/reloj_189_aug6.jpg,1,1,1
correct/reloj_189_aug7.jpg,1,1,1
correct/reloj_189_aug8.jpg,1,1,1
correct/reloj_189_aug9.jpg,1,1,1
correct/reloj_189_aug10.jpg,1,1,1
correct/reloj_189_aug11.jpg,1,1,1
correct/reloj_189_aug12.jpg,1,1,1
correct/reloj_189_aug13.jpg,1,1,1
correct/reloj_189_aug14.jpg,1,1,1
correct/reloj_189_aug15.jpg,1,1,1
correct/reloj_189_aug16.jpg,1,1,1
correct/reloj_189_aug17.jpg,1,1,1
correct/reloj_189_aug18.jpg,1,1,1
correct/reloj_189_aug19.jpg,1,1,1
correct/reloj_189_aug20.jpg,1,1,1
correct/reloj_189_aug21.jpg,1,1,1
correct/reloj_189_aug22.jpg,1,1,1
correct/reloj_189_aug23.jpg,1,1,1
correct/reloj_189_aug24.jpg,1,1,1
correct/reloj_189_aug25.jpg,1,1,1
correct/reloj_189_aug26.jpg,1,1,1
correct/reloj_189_aug27.jpg,1,1,1
correct/reloj_189_aug28.jpg,1,1,1
correct/reloj_189_aug29.jpg,1,1,1
correct/reloj_189_aug30.jpg,1,1,1
correct/reloj_189_aug31.jpg,1,1,1
correct/reloj_189_aug32.jpg,1,1,1
correct/reloj_189_aug33.jpg,1,1,1
correct/reloj_189_aug34.jpg,1,1,1
correct/reloj_189_aug35.jpg,1,1,1
correct/reloj_189_aug36.jpg,1,1,1
correct/reloj_189_aug37.jpg,1,1,1
correct/reloj_189_aug38.jpg,1,1,1
correct/reloj_189_aug39.jpg,1,1,1
correct/reloj_189_aug40.jpg,1,1,1
correct/reloj_189_aug41.jpg,1,1,1
correct/reloj_049_aug0.png,1,1,1
correct/reloj_049_aug1.png,1,1,1
correct/reloj_049_aug2.png,1,1,1
correct/reloj_049_aug3.png,1,1,1
correct/reloj_049_aug4.png,1,1,1
correct/reloj_049_aug5.png,1,1,1
correct/reloj_049_aug6.png,1,1,1
correct/reloj_049_aug7.png,1,1,1
correct/reloj_049_aug8.png,1,1,1
correct/reloj_049_aug9.png,1,1,1
correct/reloj_049_aug10.png,1,1,1
correct/reloj_049_aug11.png,1,1,1
correct/reloj_049_aug12.png,1,1,1
correct/reloj_049_aug13.png,1,1,1
correct/reloj_049_aug14.png,1,1,1
correct/reloj_049_aug15.png,1,1,1
correct/reloj_049_aug16.png,1,1,1
correct/reloj_049_aug17.png,1,1,1
correct/reloj_049_aug18.png,1,1,1
correct/reloj_049_aug19.png,1,1,1
correct/reloj_049_aug20.png,1,1,1
correct/reloj_049_aug21.png,1,1,1
correct/reloj_049_aug22.png,1,1,1
correct/reloj_049_aug23.png,1,1,1
correct/reloj_049_aug24.png,1,1,1
correct/reloj_049_aug25.png,1,1,1
correct/reloj_049_aug26.png,1,1,1
correct/reloj_049_aug27.png,1,1,1
correct/reloj_049_aug28.png,1,1,1
correct/reloj_049_aug29.png,1,1,1
correct/reloj_049_aug30.png,1,1,1
correct/reloj_049_aug31.png,1,1,1
correct/reloj_049_aug32.png,1,1,1
correct/reloj_049_aug33.png,1,1,1
correct/reloj_049_aug34.png,1,1,1
correct/reloj_049_aug35.png,1,1,1
correct/reloj_049_aug36.png,1,1,1
correct/reloj_049_aug37.png,1,1,1
correct/reloj_049_aug38.png,1,1,1
correct/reloj_049_aug39.png,1,1,1
correct/reloj_049_aug40.png,1,1,1
correct/reloj_049_aug41.png,1,1,1
correct/reloj_188_aug0.jpg,1,1,1
correct/reloj_188_aug1.jpg,1,1,1
correct/reloj_188_aug2.jpg,1,1,1
correct/reloj_188_aug3.jpg,1,1,1
correct/reloj_188_aug4.jpg,1,1,1
correct/reloj_188_aug5.jpg,1,1,1
correct/reloj_188_aug6.jpg,1,1,1
correct/reloj_188_aug7.jpg,1,1,1
correct/reloj_188_aug8.jpg,1,1,1
correct/reloj_188_aug9.jpg,1,1,1
correct/reloj_188_aug10.jpg,1,1,1
correct/reloj_188_aug11.jpg,1,1,1
correct/reloj_188_aug12.jpg,1,1,1
correct/reloj_188_aug13.jpg,1,1,1
correct/reloj_188_aug14.jpg,1,1,1
correct/reloj_188_aug15.jpg,1,1,1
correct/reloj_188_aug16.jpg,1,1,1
correct/reloj_188_aug17.jpg,1,1,1
correct/reloj_188_aug18.jpg,1,1,1
correct/reloj_188_aug19.jpg,1,1,1
correct/reloj_188_aug20.jpg,1,1,1
correct/reloj_188_aug21.jpg,1,1,1
correct/reloj_188_aug22.jpg,1,1,1
correct/reloj_188_aug23.jpg,1,1,1
correct/reloj_188_aug24.jpg,1,1,1
correct/reloj_188_aug25.jpg,1,1,1
correct/reloj_188_aug26.jpg,1,1,1
correct/reloj_188_aug27.jpg,1,1,1
correct/reloj_188_aug28.jpg,1,1,1
correct/reloj_188_aug29.jpg,1,1,1
correct/reloj_188_aug30.jpg,1,1,1
correct/reloj_188_aug31.jpg,1,1,1
correct/reloj_188_aug32.jpg,1,1,1
correct/reloj_188_aug33.jpg,1,1,1
correct/reloj_188_aug34.jpg,1,1,1
correct/reloj_188_aug35.jpg,1,1,1
correct/reloj_188_aug36.jpg,1,1,1
correct/reloj_188_aug37.jpg,1,1,1
correct/reloj_188_aug38.jpg,1,1,1
correct/reloj_188_aug39.jpg,1,1,1
correct/reloj_188_aug40.jpg,1,1,1
correct/reloj_188_aug41.jpg,1,1,1
correct/reloj_194_aug0.jpg,1,1,1
correct/reloj_194_aug1.jpg,1,1,1
correct/reloj_194_aug2.jpg,1,1,1
correct/reloj_194_aug3.jpg,1,1,1
correct/reloj_194_aug4.jpg,1,1,1
correct/reloj_194_aug5.jpg,1,1,1
correct/reloj_194_aug6.jpg,1,1,1
correct/reloj_194_aug7.jpg,1,1,1
correct/reloj_194_aug8.jpg,1,1,1
correct/reloj_194_aug9.jpg,1,1,1
correct/reloj_194_aug10.jpg,1,1,1
correct/reloj_194_aug11.jpg,1,1,1
correct/reloj_194_aug12.jpg,1,1,1
correct/reloj_194_aug13.jpg,1,1,1
correct/reloj_194_aug14.jpg,1,1,1
correct/reloj_194_aug15.jpg,1,1,1
correct/reloj_194_aug16.jpg,1,1,1
correct/reloj_194_aug17.jpg,1,1,1
correct/reloj_194_aug18.jpg,1,1,1
correct/reloj_194_aug19.jpg,1,1,1
correct/reloj_194_aug20.jpg,1,1,1
correct/reloj_194_aug21.jpg,1,1,1
correct/reloj_194_aug22.jpg,1,1,1
correct/reloj_194_aug23.jpg,1,1,1
correct/reloj_194_aug24.jpg,1,1,1
correct/reloj_194_aug25.jpg,1,1,1
correct/reloj_194_aug26.jpg,1,1,1
correct/reloj_194_aug27.jpg,1,1,1
correct/reloj_194_aug28.jpg,1,1,1
correct/reloj_194_aug29.jpg,1,1,1
correct/reloj_194_aug30.jpg,1,1,1
correct/reloj_194_aug31.jpg,1,1,1
correct/reloj_194_aug32.jpg,1,1,1
correct/reloj_194_aug33.jpg,1,1,1
correct/reloj_194_aug34.jpg,1,1,1
correct/reloj_194_aug35.jpg,1,1,1
correct/reloj_194_aug36.jpg,1,1,1
correct/reloj_194_aug37.jpg,1,1,1
correct/reloj_194_aug38.jpg,1,1,1
correct/reloj_194_aug39.jpg,1,1,1
correct/reloj_194_aug40.jpg,1,1,1
correct/reloj_194_aug41.jpg,1,1,1
correct/reloj_047_aug0.png,1,1,1
correct/reloj_047_aug1.png,1,1,1
correct/reloj_047_aug2.png,1,1,1
correct/reloj_047_aug3.png,1,1,1
correct/reloj_047_aug4.png,1,1,1
correct/reloj_047_aug5.png,1,1,1
correct/reloj_047_aug6.png,1,1,1
correct/reloj_047_aug7.png,1,1,1
correct/reloj_047_aug8.png,1,1,1
correct/reloj_047_aug9.png,1,1,1
correct/reloj_047_aug10.png,1,1,1
correct/reloj_047_aug11.png,1,1,1
correct/reloj_047_aug12.png,1,1,1
correct/reloj_047_aug13.png,1,1,1
correct/reloj_047_aug14.png,1,1,1
correct/reloj_047_aug15.png,1,1,1
correct/reloj_047_aug16.png,1,1,1
correct/reloj_047_aug17.png,1,1,1
correct/reloj_047_aug18.png,1,1,1
correct/reloj_047_aug19.png,1,1,1
correct/reloj_047_aug20.png,1,1,1
correct/reloj_047_aug21.png,1,1,1
correct/reloj_047_aug22.png,1,1,1
correct/reloj_047_aug23.png,1,1,1
correct/reloj_047_aug24.png,1,1,1
correct/reloj_047_aug25.png,1,1,1
correct/reloj_047_aug26.png,1,1,1
correct/reloj_047_aug27.png,1,1,1
correct/reloj_047_aug28.png,1,1,1
correct/reloj_047_aug29.png,1,1,1
correct/reloj_047_aug30.png,1,1,1
correct/reloj_047_aug31.png,1,1,1
correct/reloj_047_aug32.png,1,1,1
correct/reloj_047_aug33.png,1,1,1
correct/reloj_047_aug34.png,1,1,1
correct/reloj_047_aug35.png,1,1,1
correct/reloj_047_aug36.png,1,1,1
correct/reloj_047_aug37.png,1,1,1
correct/reloj_047_aug38.png,1,1,1
correct/reloj_047_aug39.png,1,1,1
correct/reloj_047_aug40.png,1,1,1
correct/reloj_047_aug41.png,1,1,1
correct/reloj_021_aug0.png,0,1,0
correct/reloj_021_aug1.png,0,1,0
correct/reloj_021_aug2.png,0,1,0
correct/reloj_021_aug3.png,0,1,0
correct/reloj_021_aug4.png,0,1,0
correct/reloj_021_aug5.png,0,1,0
correct/reloj_021_aug6.png,0,1,0
correct/reloj_021_aug7.png,0,1,0
correct/reloj_021_aug8.png,0,1,0
correct/reloj_021_aug9.png,0,1,0
correct/reloj_021_aug10.png,0,1,0
correct/reloj_021_aug11.png,0,1,0
correct/reloj_021_aug12.png,0,1,0
correct/reloj_021_aug13.png,0,1,0
correct/reloj_021_aug14.png,0,1,0
correct/reloj_021_aug15.png,0,1,0
correct/reloj_021_aug16.png,0,1,0
correct/reloj_021_aug17.png,0,1,0
correct/reloj_021_aug18.png,0,1,0
correct/reloj_021_aug19.png,0,1,0
correct/reloj_021_aug20.png,0,1,0
correct/reloj_021_aug21.png,0,1,0
correct/reloj_021_aug22.png,0,1,0
correct/reloj_021_aug23.png,0,1,0
correct/reloj_021_aug24.png,0,1,0
correct/reloj_021_aug25.png,0,1,0
correct/reloj_021_aug26.png,0,1,0
correct/reloj_021_aug27.png,0,1,0
correct/reloj_021_aug28.png,0,1,0
correct/reloj_021_aug29.png,0,1,0
correct/reloj_021_aug30.png,0,1,0
correct/reloj_021_aug31.png,0,1,0
correct/reloj_021_aug32.png,0,1,0
correct/reloj_021_aug33.png,0,1,0
correct/reloj_021_aug34.png,0,1,0
correct/reloj_021_aug35.png,0,1,0
correct/reloj_021_aug36.png,0,1,0
correct/reloj_021_aug37.png,0,1,0
correct/reloj_021_aug38.png,0,1,0
correct/reloj_021_aug39.png,0,1,0
correct/reloj_021_aug40.png,0,1,0
correct/reloj_021_aug41.png,0,1,0
correct/reloj_021_aug42.png,0,1,0
correct/reloj_021_aug43.png,0,1,0
correct/reloj_021_aug44.png,0,1,0
correct/reloj_021_aug45.png,0,1,0
correct/reloj_021_aug46.png,0,1,0
correct/reloj_021_aug47.png,0,1,0
correct/reloj_021_aug48.png,0,1,0
correct/reloj_089_aug0.png,0,1,0
correct/reloj_089_aug1.png,0,1,0
correct/reloj_089_aug2.png,0,1,0
correct/reloj_089_aug3.png,0,1,0
correct/reloj_089_aug4.png,0,1,0
correct/reloj_089_aug5.png,0,1,0
correct/reloj_089_aug6.png,0,1,0
correct/reloj_089_aug7.png,0,1,0
correct/reloj_089_aug8.png,0,1,0
correct/reloj_089_aug9.png,0,1,0
correct/reloj_089_aug10.png,0,1,0
correct/reloj_089_aug11.png,0,1,0
correct/reloj_089_aug12.png,0,1,0
correct/reloj_089_aug13.png,0,1,0
correct/reloj_089_aug14.png,0,1,0
correct/reloj_089_aug15.png,0,1,0
correct/reloj_089_aug16.png,0,1,0
correct/reloj_089_aug17.png,0,1,0
correct/reloj_089_aug18.png,0,1,0
correct/reloj_089_aug19.png,0,1,0
correct/reloj_089_aug20.png,0,1,0
correct/reloj_089_aug21.png,0,1,0
correct/reloj_089_aug22.png,0,1,0
correct/reloj_089_aug23.png,0,1,0
correct/reloj_089_aug24.png,0,1,0
correct/reloj_089_aug25.png,0,1,0
correct/reloj_089_aug26.png,0,1,0
correct/reloj_089_aug27.png,0,1,0
correct/reloj_089_aug28.png,0,1,0
correct/reloj_089_aug29.png,0,1,0
correct/reloj_089_aug30.png,0,1,0
correct/reloj_089_aug31.png,0,1,0
correct/reloj_089_aug32.png,0,1,0
correct/reloj_089_aug33.png,0,1,0
correct/reloj_089_aug34.png,0,1,0
correct/reloj_089_aug35.png,0,1,0
correct/reloj_089_aug36.png,0,1,0
correct/reloj_089_aug37.png,0,1,0
correct/reloj_089_aug38.png,0,1,0
correct/reloj_089_aug39.png,0,1,0
correct/reloj_089_aug40.png,0,1,0
correct/reloj_089_aug41.png,0,1,0
correct/reloj_089_aug42.png,0,1,0
correct/reloj_089_aug43.png,0,1,0
correct/reloj_089_aug44.png,0,1,0
correct/reloj_089_aug45.png,0,1,0
correct/reloj_089_aug46.png,0,1,0
correct/reloj_089_aug47.png,0,1,0
correct/reloj_089_aug48.png,0,1,0
incorrect/reloj_291_aug0.jpg,0,1,0
incorrect/reloj_291_aug1.jpg,0,1,0
incorrect/reloj_291_aug2.jpg,0,1,0
incorrect/reloj_291_aug3.jpg,0,1,0
incorrect/reloj_291_aug4.jpg,0,1,0
incorrect/reloj_291_aug5.jpg,0,1,0
incorrect/reloj_291_aug6.jpg,0,1,0
incorrect/reloj_291_aug7.jpg,0,1,0
incorrect/reloj_291_aug8.jpg,0,1,0
incorrect/reloj_291_aug9.jpg,0,1,0
incorrect/reloj_291_aug10.jpg,0,1,0
incorrect/reloj_291_aug11.jpg,0,1,0
incorrect/reloj_291_aug12.jpg,0,1,0
incorrect/reloj_291_aug13.jpg,0,1,0
incorrect/reloj_291_aug14.jpg,0,1,0
incorrect/reloj_291_aug15.jpg,0,1,0
incorrect/reloj_291_aug16.jpg,0,1,0
incorrect/reloj_291_aug17.jpg,0,1,0
incorrect/reloj_291_aug18.jpg,0,1,0
incorrect/reloj_291_aug19.jpg,0,1,0
incorrect/reloj_291_aug20.jpg,0,1,0
incorrect/reloj_291_aug21.jpg,0,1,0
incorrect/reloj_291_aug22.jpg,0,1,0
incorrect/reloj_291_aug23.jpg,0,1,0
incorrect/reloj_291_aug24.jpg,0,1,0
incorrect/reloj_291_aug25.jpg,0,1,0
incorrect/reloj_291_aug26.jpg,0,1,0
incorrect/reloj_291_aug27.jpg,0,1,0
incorrect/reloj_291_aug28.jpg,0,1,0
incorrect/reloj_291_aug29.jpg,0,1,0
incorrect/reloj_291_aug30.jpg,0,1,0
incorrect/reloj_291_aug31.jpg,0,1,0
incorrect/reloj_291_aug32.jpg,0,1,0
incorrect/reloj_291_aug33.jpg,0,1,0
incorrect/reloj_291_aug34.jpg,0,1,0
incorrect/reloj_291_aug35.jpg,0,1,0
incorrect/reloj_291_aug36.jpg,0,1,0
incorrect/reloj_291_aug37.jpg,0,1,0
incorrect/reloj_291_aug38.jpg,0,1,0
incorrect/reloj_291_aug39.jpg,0,1,0
incorrect/reloj_291_aug40.jpg,0,1,0
incorrect/reloj_291_aug41.jpg,0,1,0
incorrect/reloj_291_aug42.jpg,0,1,0
incorrect/reloj_291_aug43.jpg,0,1,0
incorrect/reloj_291_aug44.jpg,0,1,0
incorrect/reloj_291_aug45.jpg,0,1,0
incorrect/reloj_291_aug46.jpg,0,1,0
incorrect/reloj_291_aug47.jpg,0,1,0
incorrect/reloj_291_aug48.jpg,0,1,0
correct/reloj_135_aug0.png,0,1,0
correct/reloj_135_aug1.png,0,1,0
correct/reloj_135_aug2.png,0,1,0
correct/reloj_135_aug3.png,0,1,0
correct/reloj_135_aug4.png,0,1,0
correct/reloj_135_aug5.png,0,1,0
correct/reloj_135_aug6.png,0,1,0
correct/reloj_135_aug7.png,0,1,0
correct/reloj_135_aug8.png,0,1,0
correct/reloj_135_aug9.png,0,1,0
correct/reloj_135_aug10.png,0,1,0
correct/reloj_135_aug11.png,0,1,0
correct/reloj_135_aug12.png,0,1,0
correct/reloj_135_aug13.png,0,1,0
correct/reloj_135_aug14.png,0,1,0
correct/reloj_135_aug15.png,0,1,0
correct/reloj_135_aug16.png,0,1,0
correct/reloj_135_aug17.png,0,1,0
correct/reloj_135_aug18.png,0,1,0
correct/reloj_135_aug19.png,0,1,0
correct/reloj_135_aug20.png,0,1,0
correct/reloj_135_aug21.png,0,1,0
correct/reloj_135_aug22.png,0,1,0
correct/reloj_135_aug23.png,0,1,0
correct/reloj_135_aug24.png,0,1,0
correct/reloj_135_aug25.png,0,1,0
correct/reloj_135_aug26.png,0,1,0
correct/reloj_135_aug27.png,0,1,0
correct/reloj_135_aug28.png,0,1,0
correct/reloj_135_aug29.png,0,1,0
correct/reloj_135_aug30.png,0,1,0
correct/reloj_135_aug31.png,0,1,0
correct/reloj_135_aug32.png,0,1,0
correct/reloj_135_aug33.png,0,1,0
correct/reloj_135_aug34.png,0,1,0
correct/reloj_135_aug35.png,0,1,0
correct/reloj_135_aug36.png,0,1,0
correct/reloj_135_aug37.png,0,1,0
correct/reloj_135_aug38.png,0,1,0
correct/reloj_135_aug39.png,0,1,0
correct/reloj_135_aug40.png,0,1,0
correct/reloj_135_aug41.png,0,1,0
correct/reloj_135_aug42.png,0,1,0
correct/reloj_135_aug43.png,0,1,0
correct/reloj_135_aug44.png,0,1,0
correct/reloj_135_aug45.png,0,1,0
correct/reloj_135_aug46.png,0,1,0
correct/reloj_135_aug47.png,0,1,0
correct/reloj_135_aug48.png,0,1,0
correct/reloj_072_aug0.png,0,1,0
correct/reloj_072_aug1.png,0,1,0
correct/reloj_072_aug2.png,0,1,0
correct/reloj_072_aug3.png,0,1,0
correct/reloj_072_aug4.png,0,1,0
correct/reloj_072_aug5.png,0,1,0
correct/reloj_072_aug6.png,0,1,0
correct/reloj_072_aug7.png,0,1,0
correct/reloj_072_aug8.png,0,1,0
correct/reloj_072_aug9.png,0,1,0
correct/reloj_072_aug10.png,0,1,0
correct/reloj_072_aug11.png,0,1,0
correct/reloj_072_aug12.png,0,1,0
correct/reloj_072_aug13.png,0,1,0
correct/reloj_072_aug14.png,0,1,0
correct/reloj_072_aug15.png,0,1,0
correct/reloj_072_aug16.png,0,1,0
correct/reloj_072_aug17.png,0,1,0
correct/reloj_072_aug18.png,0,1,0
correct/reloj_072_aug19.png,0,1,0
correct/reloj_072_aug20.png,0,1,0
correct/reloj_072_aug21.png,0,1,0
correct/reloj_072_aug22.png,0,1,0
correct/reloj_072_aug23.png,0,1,0
correct/reloj_072_aug24.png,0,1,0
correct/reloj_072_aug25.png,0,1,0
correct/reloj_072_aug26.png,0,1,0
correct/reloj_072_aug27.png,0,1,0
correct/reloj_072_aug28.png,0,1,0
correct/reloj_072_aug29.png,0,1,0
correct/reloj_072_aug30.png,0,1,0
correct/reloj_072_aug31.png,0,1,0
correct/reloj_072_aug32.png,0,1,0
correct/reloj_072_aug33.png,0,1,0
correct/reloj_072_aug34.png,0,1,0
correct/reloj_072_aug35.png,0,1,0
correct/reloj_072_aug36.png,0,1,0
correct/reloj_072_aug37.png,0,1,0
correct/reloj_072_aug38.png,0,1,0
correct/reloj_072_aug39.png,0,1,0
correct/reloj_072_aug40.png,0,1,0
correct/reloj_072_aug41.png,0,1,0
correct/reloj_072_aug42.png,0,1,0
correct/reloj_072_aug43.png,0,1,0
correct/reloj_072_aug44.png,0,1,0
correct/reloj_072_aug45.png,0,1,0
correct/reloj_072_aug46.png,0,1,0
correct/reloj_072_aug47.png,0,1,0
correct/reloj_072_aug48.png,0,1,0
correct/reloj_140_aug0.png,0,1,0
correct/reloj_140_aug1.png,0,1,0
correct/reloj_140_aug2.png,0,1,0
correct/reloj_140_aug3.png,0,1,0
correct/reloj_140_aug4.png,0,1,0
correct/reloj_140_aug5.png,0,1,0
correct/reloj_140_aug6.png,0,1,0
correct/reloj_140_aug7.png,0,1,0
correct/reloj_140_aug8.png,0,1,0
correct/reloj_140_aug9.png,0,1,0
correct/reloj_140_aug10.png,0,1,0
correct/reloj_140_aug11.png,0,1,0
correct/reloj_140_aug12.png,0,1,0
correct/reloj_140_aug13.png,0,1,0
correct/reloj_140_aug14.png,0,1,0
correct/reloj_140_aug15.png,0,1,0
correct/reloj_140_aug16.png,0,1,0
correct/reloj_140_aug17.png,0,1,0
correct/reloj_140_aug18.png,0,1,0
correct/reloj_140_aug19.png,0,1,0
correct/reloj_140_aug20.png,0,1,0
correct/reloj_140_aug21.png,0,1,0
correct/reloj_140_aug22.png,0,1,0
correct/reloj_140_aug23.png,0,1,0
correct/reloj_140_aug24.png,0,1,0
correct/reloj_140_aug25.png,0,1,0
correct/reloj_140_aug26.png,0,1,0
correct/reloj_140_aug27.png,0,1,0
correct/reloj_140_aug28.png,0,1,0
correct/reloj_140_aug29.png,0,1,0
correct/reloj_140_aug30.png,0,1,0
correct/reloj_140_aug31.png,0,1,0
correct/reloj_140_aug32.png,0,1,0
correct/reloj_140_aug33.png,0,1,0
correct/reloj_140_aug34.png,0,1,0
correct/reloj_140_aug35.png,0,1,0
correct/reloj_140_aug36.png,0,1,0
correct/reloj_140_aug37.png,0,1,0
correct/reloj_140_aug38.png,0,1,0
correct/reloj_140_aug39.png,0,1,0
correct/reloj_140_aug40.png,0,1,0
correct/reloj_140_aug41.png,0,1,0
correct/reloj_140_aug42.png,0,1,0
correct/reloj_140_aug43.png,0,1,0
correct/reloj_140_aug44.png,0,1,0
correct/reloj_140_aug45.png,0,1,0
correct/reloj_140_aug46.png,0,1,0
correct/reloj_140_aug47.png,0,1,0
correct/reloj_140_aug48.png,0,1,0
correct/reloj_124_aug0.png,0,1,0
correct/reloj_124_aug1.png,0,1,0
correct/reloj_124_aug2.png,0,1,0
correct/reloj_124_aug3.png,0,1,0
correct/reloj_124_aug4.png,0,1,0
correct/reloj_124_aug5.png,0,1,0
correct/reloj_124_aug6.png,0,1,0
correct/reloj_124_aug7.png,0,1,0
correct/reloj_124_aug8.png,0,1,0
correct/reloj_124_aug9.png,0,1,0
correct/reloj_124_aug10.png,0,1,0
correct/reloj_124_aug11.png,0,1,0
correct/reloj_124_aug12.png,0,1,0
correct/reloj_124_aug13.png,0,1,0
correct/reloj_124_aug14.png,0,1,0
correct/reloj_124_aug15.png,0,1,0
correct/reloj_124_aug16.png,0,1,0
correct/reloj_124_aug17.png,0,1,0
correct/reloj_124_aug18.png,0,1,0
correct/reloj_124_aug19.png,0,1,0
correct/reloj_124_aug20.png,0,1,0
correct/reloj_124_aug21.png,0,1,0
correct/reloj_124_aug22.png,0,1,0
correct/reloj_124_aug23.png,0,1,0
correct/reloj_124_aug24.png,0,1,0
correct/reloj_124_aug25.png,0,1,0
correct/reloj_124_aug26.png,0,1,0
correct/reloj_124_aug27.png,0,1,0
correct/reloj_124_aug28.png,0,1,0
correct/reloj_124_aug29.png,0,1,0
correct/reloj_124_aug30.png,0,1,0
correct/reloj_124_aug31.png,0,1,0
correct/reloj_124_aug32.png,0,1,0
correct/reloj_124_aug33.png,0,1,0
correct/reloj_124_aug34.png,0,1,0
correct/reloj_124_aug35.png,0,1,0
correct/reloj_124_aug36.png,0,1,0
correct/reloj_124_aug37.png,0,1,0
correct/reloj_124_aug38.png,0,1,0
correct/reloj_124_aug39.png,0,1,0
correct/reloj_124_aug40.png,0,1,0
correct/reloj_124_aug41.png,0,1,0
correct/reloj_124_aug42.png,0,1,0
correct/reloj_124_aug43.png,0,1,0
correct/reloj_124_aug44.png,0,1,0
correct/reloj_124_aug45.png,0,1,0
correct/reloj_124_aug46.png,0,1,0
correct/reloj_124_aug47.png,0,1,0
correct/reloj_124_aug48.png,0,1,0
correct/reloj_129_aug0.png,0,1,0
correct/reloj_129_aug1.png,0,1,0
correct/reloj_129_aug2.png,0,1,0
correct/reloj_129_aug3.png,0,1,0
correct/reloj_129_aug4.png,0,1,0
correct/reloj_129_aug5.png,0,1,0
correct/reloj_129_aug6.png,0,1,0
correct/reloj_129_aug7.png,0,1,0
correct/reloj_129_aug8.png,0,1,0
correct/reloj_129_aug9.png,0,1,0
correct/reloj_129_aug10.png,0,1,0
correct/reloj_129_aug11.png,0,1,0
correct/reloj_129_aug12.png,0,1,0
correct/reloj_129_aug13.png,0,1,0
correct/reloj_129_aug14.png,0,1,0
correct/reloj_129_aug15.png,0,1,0
correct/reloj_129_aug16.png,0,1,0
correct/reloj_129_aug17.png,0,1,0
correct/reloj_129_aug18.png,0,1,0
correct/reloj_129_aug19.png,0,1,0
correct/reloj_129_aug20.png,0,1,0
correct/reloj_129_aug21.png,0,1,0
correct/reloj_129_aug22.png,0,1,0
correct/reloj_129_aug23.png,0,1,0
correct/reloj_129_aug24.png,0,1,0
correct/reloj_129_aug25.png,0,1,0
correct/reloj_129_aug26.png,0,1,0
correct/reloj_129_aug27.png,0,1,0
correct/reloj_129_aug28.png,0,1,0
correct/reloj_129_aug29.png,0,1,0
correct/reloj_129_aug30.png,0,1,0
correct/reloj_129_aug31.png,0,1,0
correct/reloj_129_aug32.png,0,1,0
correct/reloj_129_aug33.png,0,1,0
correct/reloj_129_aug34.png,0,1,0
correct/reloj_129_aug35.png,0,1,0
correct/reloj_129_aug36.png,0,1,0
correct/reloj_129_aug37.png,0,1,0
correct/reloj_129_aug38.png,0,1,0
correct/reloj_129_aug39.png,0,1,0
correct/reloj_129_aug40.png,0,1,0
correct/reloj_129_aug41.png,0,1,0
correct/reloj_129_aug42.png,0,1,0
correct/reloj_129_aug43.png,0,1,0
correct/reloj_129_aug44.png,0,1,0
correct/reloj_129_aug45.png,0,1,0
correct/reloj_129_aug46.png,0,1,0
correct/reloj_129_aug47.png,0,1,0
correct/reloj_129_aug48.png,0,1,0
correct/reloj_030_aug0.png,0,1,0
correct/reloj_030_aug1.png,0,1,0
correct/reloj_030_aug2.png,0,1,0
correct/reloj_030_aug3.png,0,1,0
correct/reloj_030_aug4.png,0,1,0
correct/reloj_030_aug5.png,0,1,0
correct/reloj_030_aug6.png,0,1,0
correct/reloj_030_aug7.png,0,1,0
correct/reloj_030_aug8.png,0,1,0
correct/reloj_030_aug9.png,0,1,0
correct/reloj_030_aug10.png,0,1,0
correct/reloj_030_aug11.png,0,1,0
correct/reloj_030_aug12.png,0,1,0
correct/reloj_030_aug13.png,0,1,0
correct/reloj_030_aug14.png,0,1,0
correct/reloj_030_aug15.png,0,1,0
correct/reloj_030_aug16.png,0,1,0
correct/reloj_030_aug17.png,0,1,0
correct/reloj_030_aug18.png,0,1,0
correct/reloj_030_aug19.png,0,1,0
correct/reloj_030_aug20.png,0,1,0
correct/reloj_030_aug21.png,0,1,0
correct/reloj_030_aug22.png,0,1,0
correct/reloj_030_aug23.png,0,1,0
correct/reloj_030_aug24.png,0,1,0
correct/reloj_030_aug25.png,0,1,0
correct/reloj_030_aug26.png,0,1,0
correct/reloj_030_aug27.png,0,1,0
correct/reloj_030_aug28.png,0,1,0
correct/reloj_030_aug29.png,0,1,0
correct/reloj_030_aug30.png,0,1,0
correct/reloj_030_aug31.png,0,1,0
correct/reloj_030_aug32.png,0,1,0
correct/reloj_030_aug33.png,0,1,0
correct/reloj_030_aug34.png,0,1,0
correct/reloj_030_aug35.png,0,1,0
correct/reloj_030_aug36.png,0,1,0
correct/reloj_030_aug37.png,0,1,0
correct/reloj_030_aug38.png,0,1,0
correct/reloj_030_aug39.png,0,1,0
correct/reloj_030_aug40.png,0,1,0
correct/reloj_030_aug41.png,0,1,0
correct/reloj_030_aug42.png,0,1,0
correct/reloj_030_aug43.png,0,1,0
correct/reloj_030_aug44.png,0,1,0
correct/reloj_030_aug45.png,0,1,0
correct/reloj_030_aug46.png,0,1,0
correct/reloj_030_aug47.png,0,1,0
correct/reloj_030_aug48.png,0,1,0
correct/reloj_083_aug0.png,0,1,0
correct/reloj_083_aug1.png,0,1,0
correct/reloj_083_aug2.png,0,1,0
correct/reloj_083_aug3.png,0,1,0
correct/reloj_083_aug4.png,0,1,0
correct/reloj_083_aug5.png,0,1,0
correct/reloj_083_aug6.png,0,1,0
correct/reloj_083_aug7.png,0,1,0
correct/reloj_083_aug8.png,0,1,0
correct/reloj_083_aug9.png,0,1,0
correct/reloj_083_aug10.png,0,1,0
correct/reloj_083_aug11.png,0,1,0
correct/reloj_083_aug12.png,0,1,0
correct/reloj_083_aug13.png,0,1,0
correct/reloj_083_aug14.png,0,1,0
correct/reloj_083_aug15.png,0,1,0
correct/reloj_083_aug16.png,0,1,0
correct/reloj_083_aug17.png,0,1,0
correct/reloj_083_aug18.png,0,1,0
correct/reloj_083_aug19.png,0,1,0
correct/reloj_083_aug20.png,0,1,0
correct/reloj_083_aug21.png,0,1,0
correct/reloj_083_aug22.png,0,1,0
correct/reloj_083_aug23.png,0,1,0
correct/reloj_083_aug24.png,0,1,0
correct/reloj_083_aug25.png,0,1,0
correct/reloj_083_aug26.png,0,1,0
correct/reloj_083_aug27.png,0,1,0
correct/reloj_083_aug28.png,0,1,0
correct/reloj_083_aug29.png,0,1,0
correct/reloj_083_aug30.png,0,1,0
correct/reloj_083_aug31.png,0,1,0
correct/reloj_083_aug32.png,0,1,0
correct/reloj_083_aug33.png,0,1,0
correct/reloj_083_aug34.png,0,1,0
correct/reloj_083_aug35.png,0,1,0
correct/reloj_083_aug36.png,0,1,0
correct/reloj_083_aug37.png,0,1,0
correct/reloj_083_aug38.png,0,1,0
correct/reloj_083_aug39.png,0,1,0
correct/reloj_083_aug40.png,0,1,0
correct/reloj_083_aug41.png,0,1,0
correct/reloj_083_aug42.png,0,1,0
correct/reloj_083_aug43.png,0,1,0
correct/reloj_083_aug44.png,0,1,0
correct/reloj_083_aug45.png,0,1,0
correct/reloj_083_aug46.png,0,1,0
correct/reloj_083_aug47.png,0,1,0
correct/reloj_083_aug48.png,0,1,0
incorrect/reloj_307_aug0.jpg,0,1,0
incorrect/reloj_307_aug1.jpg,0,1,0
incorrect/reloj_307_aug2.jpg,0,1,0
incorrect/reloj_307_aug3.jpg,0,1,0
incorrect/reloj_307_aug4.jpg,0,1,0
incorrect/reloj_307_aug5.jpg,0,1,0
incorrect/reloj_307_aug6.jpg,0,1,0
incorrect/reloj_307_aug7.jpg,0,1,0
incorrect/reloj_307_aug8.jpg,0,1,0
incorrect/reloj_307_aug9.jpg,0,1,0
incorrect/reloj_307_aug10.jpg,0,1,0
incorrect/reloj_307_aug11.jpg,0,1,0
incorrect/reloj_307_aug12.jpg,0,1,0
incorrect/reloj_307_aug13.jpg,0,1,0
incorrect/reloj_307_aug14.jpg,0,1,0
incorrect/reloj_307_aug15.jpg,0,1,0
incorrect/reloj_307_aug16.jpg,0,1,0
incorrect/reloj_307_aug17.jpg,0,1,0
incorrect/reloj_307_aug18.jpg,0,1,0
incorrect/reloj_307_aug19.jpg,0,1,0
incorrect/reloj_307_aug20.jpg,0,1,0
incorrect/reloj_307_aug21.jpg,0,1,0
incorrect/reloj_307_aug22.jpg,0,1,0
incorrect/reloj_307_aug23.jpg,0,1,0
incorrect/reloj_307_aug24.jpg,0,1,0
incorrect/reloj_307_aug25.jpg,0,1,0
incorrect/reloj_307_aug26.jpg,0,1,0
incorrect/reloj_307_aug27.jpg,0,1,0
incorrect/reloj_307_aug28.jpg,0,1,0
incorrect/reloj_307_aug29.jpg,0,1,0
incorrect/reloj_307_aug30.jpg,0,1,0
incorrect/reloj_307_aug31.jpg,0,1,0
incorrect/reloj_307_aug32.jpg,0,1,0
incorrect/reloj_307_aug33.jpg,0,1,0
incorrect/reloj_307_aug34.jpg,0,1,0
incorrect/reloj_307_aug35.jpg,0,1,0
incorrect/reloj_307_aug36.jpg,0,1,0
incorrect/reloj_307_aug37.jpg,0,1,0
incorrect/reloj_307_aug38.jpg,0,1,0
incorrect/reloj_307_aug39.jpg,0,1,0
incorrect/reloj_307_aug40.jpg,0,1,0
incorrect/reloj_307_aug41.jpg,0,1,0
incorrect/reloj_307_aug42.jpg,0,1,0
incorrect/reloj_307_aug43.jpg,0,1,0
incorrect/reloj_307_aug44.jpg,0,1,0
incorrect/reloj_307_aug45.jpg,0,1,0
incorrect/reloj_307_aug46.jpg,0,1,0
incorrect/reloj_307_aug47.jpg,0,1,0
incorrect/reloj_307_aug48.jpg,0,1,0
incorrect/reloj_313_aug0.jpg,0,1,0
incorrect/reloj_313_aug1.jpg,0,1,0
incorrect/reloj_313_aug2.jpg,0,1,0
incorrect/reloj_313_aug3.jpg,0,1,0
incorrect/reloj_313_aug4.jpg,0,1,0
incorrect/reloj_313_aug5.jpg,0,1,0
incorrect/reloj_313_aug6.jpg,0,1,0
incorrect/reloj_313_aug7.jpg,0,1,0
incorrect/reloj_313_aug8.jpg,0,1,0
incorrect/reloj_313_aug9.jpg,0,1,0
incorrect/reloj_313_aug10.jpg,0,1,0
incorrect/reloj_313_aug11.jpg,0,1,0
incorrect/reloj_313_aug12.jpg,0,1,0
incorrect/reloj_313_aug13.jpg,0,1,0
incorrect/reloj_313_aug14.jpg,0,1,0
incorrect/reloj_313_aug15.jpg,0,1,0
incorrect/reloj_313_aug16.jpg,0,1,0
incorrect/reloj_313_aug17.jpg,0,1,0
incorrect/reloj_313_aug18.jpg,0,1,0
incorrect/reloj_313_aug19.jpg,0,1,0
incorrect/reloj_313_aug20.jpg,0,1,0
incorrect/reloj_313_aug21.jpg,0,1,0
incorrect/reloj_313_aug22.jpg,0,1,0
incorrect/reloj_313_aug23.jpg,0,1,0
incorrect/reloj_313_aug24.jpg,0,1,0
incorrect/reloj_313_aug25.jpg,0,1,0
incorrect/reloj_313_aug26.jpg,0,1,0
incorrect/reloj_313_aug27.jpg,0,1,0
incorrect/reloj_313_aug28.jpg,0,1,0
incorrect/reloj_313_aug29.jpg,0,1,0
incorrect/reloj_313_aug30.jpg,0,1,0
incorrect/reloj_313_aug31.jpg,0,1,0
incorrect/reloj_313_aug32.jpg,0,1,0
incorrect/reloj_313_aug33.jpg,0,1,0
incorrect/reloj_313_aug34.jpg,0,1,0
incorrect/reloj_313_aug35.jpg,0,1,0
incorrect/reloj_313_aug36.jpg,0,1,0
incorrect/reloj_313_aug37.jpg,0,1,0
incorrect/reloj_313_aug38.jpg,0,1,0
incorrect/reloj_313_aug39.jpg,0,1,0
incorrect/reloj_313_aug40.jpg,0,1,0
incorrect/reloj_313_aug41.jpg,0,1,0
incorrect/reloj_313_aug42.jpg,0,1,0
incorrect/reloj_313_aug43.jpg,0,1,0
incorrect/reloj_313_aug44.jpg,0,1,0
incorrect/reloj_313_aug45.jpg,0,1,0
incorrect/reloj_313_aug46.jpg,0,1,0
incorrect/reloj_313_aug47.jpg,0,1,0
incorrect/reloj_313_aug48.jpg,0,1,0
incorrect/reloj_303_aug0.jpg,0,1,0
incorrect/reloj_303_aug1.jpg,0,1,0
incorrect/reloj_303_aug2.jpg,0,1,0
incorrect/reloj_303_aug3.jpg,0,1,0
incorrect/reloj_303_aug4.jpg,0,1,0
incorrect/reloj_303_aug5.jpg,0,1,0
incorrect/reloj_303_aug6.jpg,0,1,0
incorrect/reloj_303_aug7.jpg,0,1,0
incorrect/reloj_303_aug8.jpg,0,1,0
incorrect/reloj_303_aug9.jpg,0,1,0
incorrect/reloj_303_aug10.jpg,0,1,0
incorrect/reloj_303_aug11.jpg,0,1,0
incorrect/reloj_303_aug12.jpg,0,1,0
incorrect/reloj_303_aug13.jpg,0,1,0
incorrect/reloj_303_aug14.jpg,0,1,0
incorrect/reloj_303_aug15.jpg,0,1,0
incorrect/reloj_303_aug16.jpg,0,1,0
incorrect/reloj_303_aug17.jpg,0,1,0
incorrect/reloj_303_aug18.jpg,0,1,0
incorrect/reloj_303_aug19.jpg,0,1,0
incorrect/reloj_303_aug20.jpg,0,1,0
incorrect/reloj_303_aug21.jpg,0,1,0
incorrect/reloj_303_aug22.jpg,0,1,0
incorrect/reloj_303_aug23.jpg,0,1,0
incorrect/reloj_303_aug24.jpg,0,1,0
incorrect/reloj_303_aug25.jpg,0,1,0
incorrect/reloj_303_aug26.jpg,0,1,0
incorrect/reloj_303_aug27.jpg,0,1,0
incorrect/reloj_303_aug28.jpg,0,1,0
incorrect/reloj_303_aug29.jpg,0,1,0
incorrect/reloj_303_aug30.jpg,0,1,0
incorrect/reloj_303_aug31.jpg,0,1,0
incorrect/reloj_303_aug32.jpg,0,1,0
incorrect/reloj_303_aug33.jpg,0,1,0
incorrect/reloj_303_aug34.jpg,0,1,0
incorrect/reloj_303_aug35.jpg,0,1,0
incorrect/reloj_303_aug36.jpg,0,1,0
incorrect/reloj_303_aug37.jpg,0,1,0
incorrect/reloj_303_aug38.jpg,0,1,0
incorrect/reloj_303_aug39.jpg,0,1,0
incorrect/reloj_303_aug40.jpg,0,1,0
incorrect/reloj_303_aug41.jpg,0,1,0
incorrect/reloj_303_aug42.jpg,0,1,0
incorrect/reloj_303_aug43.jpg,0,1,0
incorrect/reloj_303_aug44.jpg,0,1,0
incorrect/reloj_303_aug45.jpg,0,1,0
incorrect/reloj_303_aug46.jpg,0,1,0
incorrect/reloj_303_aug47.jpg,0,1,0
incorrect/reloj_303_aug48.jpg,0,1,0
correct/reloj_032_aug0.png,0,1,0
correct/reloj_032_aug1.png,0,1,0
correct/reloj_032_aug2.png,0,1,0
correct/reloj_032_aug3.png,0,1,0
correct/reloj_032_aug4.png,0,1,0
correct/reloj_032_aug5.png,0,1,0
correct/reloj_032_aug6.png,0,1,0
correct/reloj_032_aug7.png,0,1,0
correct/reloj_032_aug8.png,0,1,0
correct/reloj_032_aug9.png,0,1,0
correct/reloj_032_aug10.png,0,1,0
correct/reloj_032_aug11.png,0,1,0
correct/reloj_032_aug12.png,0,1,0
correct/reloj_032_aug13.png,0,1,0
correct/reloj_032_aug14.png,0,1,0
correct/reloj_032_aug15.png,0,1,0
correct/reloj_032_aug16.png,0,1,0
correct/reloj_032_aug17.png,0,1,0
correct/reloj_032_aug18.png,0,1,0
correct/reloj_032_aug19.png,0,1,0
correct/reloj_032_aug20.png,0,1,0
correct/reloj_032_aug21.png,0,1,0
correct/reloj_032_aug22.png,0,1,0
correct/reloj_032_aug23.png,0,1,0
correct/reloj_032_aug24.png,0,1,0
correct/reloj_032_aug25.png,0,1,0
correct/reloj_032_aug26.png,0,1,0
correct/reloj_032_aug27.png,0,1,0
correct/reloj_032_aug28.png,0,1,0
correct/reloj_032_aug29.png,0,1,0
correct/reloj_032_aug30.png,0,1,0
correct/reloj_032_aug31.png,0,1,0
correct/reloj_032_aug32.png,0,1,0
correct/reloj_032_aug33.png,0,1,0
correct/reloj_032_aug34.png,0,1,0
correct/reloj_032_aug35.png,0,1,0
correct/reloj_032_aug36.png,0,1,0
correct/reloj_032_aug37.png,0,1,0
correct/reloj_032_aug38.png,0,1,0
correct/reloj_032_aug39.png,0,1,0
correct/reloj_032_aug40.png,0,1,0
correct/reloj_032_aug41.png,0,1,0
correct/reloj_032_aug42.png,0,1,0
correct/reloj_032_aug43.png,0,1,0
correct/reloj_032_aug44.png,0,1,0
correct/reloj_032_aug45.png,0,1,0
correct/reloj_032_aug46.png,0,1,0
correct/reloj_032_aug47.png,0,1,0
correct/reloj_032_aug48.png,0,1,0
correct/reloj_125_aug0.png,0,1,0
correct/reloj_125_aug1.png,0,1,0
correct/reloj_125_aug2.png,0,1,0
correct/reloj_125_aug3.png,0,1,0
correct/reloj_125_aug4.png,0,1,0
correct/reloj_125_aug5.png,0,1,0
correct/reloj_125_aug6.png,0,1,0
correct/reloj_125_aug7.png,0,1,0
correct/reloj_125_aug8.png,0,1,0
correct/reloj_125_aug9.png,0,1,0
correct/reloj_125_aug10.png,0,1,0
correct/reloj_125_aug11.png,0,1,0
correct/reloj_125_aug12.png,0,1,0
correct/reloj_125_aug13.png,0,1,0
correct/reloj_125_aug14.png,0,1,0
correct/reloj_125_aug15.png,0,1,0
correct/reloj_125_aug16.png,0,1,0
correct/reloj_125_aug17.png,0,1,0
correct/reloj_125_aug18.png,0,1,0
correct/reloj_125_aug19.png,0,1,0
correct/reloj_125_aug20.png,0,1,0
correct/reloj_125_aug21.png,0,1,0
correct/reloj_125_aug22.png,0,1,0
correct/reloj_125_aug23.png,0,1,0
correct/reloj_125_aug24.png,0,1,0
correct/reloj_125_aug25.png,0,1,0
correct/reloj_125_aug26.png,0,1,0
correct/reloj_125_aug27.png,0,1,0
correct/reloj_125_aug28.png,0,1,0
correct/reloj_125_aug29.png,0,1,0
correct/reloj_125_aug30.png,0,1,0
correct/reloj_125_aug31.png,0,1,0
correct/reloj_125_aug32.png,0,1,0
correct/reloj_125_aug33.png,0,1,0
correct/reloj_125_aug34.png,0,1,0
correct/reloj_125_aug35.png,0,1,0
correct/reloj_125_aug36.png,0,1,0
correct/reloj_125_aug37.png,0,1,0
correct/reloj_125_aug38.png,0,1,0
correct/reloj_125_aug39.png,0,1,0
correct/reloj_125_aug40.png,0,1,0
correct/reloj_125_aug41.png,0,1,0
correct/reloj_125_aug42.png,0,1,0
correct/reloj_125_aug43.png,0,1,0
correct/reloj_125_aug44.png,0,1,0
correct/reloj_125_aug45.png,0,1,0
correct/reloj_125_aug46.png,0,1,0
correct/reloj_125_aug47.png,0,1,0
correct/reloj_125_aug48.png,0,1,0
correct/reloj_073_aug0.png,0,1,0
correct/reloj_073_aug1.png,0,1,0
correct/reloj_073_aug2.png,0,1,0
correct/reloj_073_aug3.png,0,1,0
correct/reloj_073_aug4.png,0,1,0
correct/reloj_073_aug5.png,0,1,0
correct/reloj_073_aug6.png,0,1,0
correct/reloj_073_aug7.png,0,1,0
correct/reloj_073_aug8.png,0,1,0
correct/reloj_073_aug9.png,0,1,0
correct/reloj_073_aug10.png,0,1,0
correct/reloj_073_aug11.png,0,1,0
correct/reloj_073_aug12.png,0,1,0
correct/reloj_073_aug13.png,0,1,0
correct/reloj_073_aug14.png,0,1,0
correct/reloj_073_aug15.png,0,1,0
correct/reloj_073_aug16.png,0,1,0
correct/reloj_073_aug17.png,0,1,0
correct/reloj_073_aug18.png,0,1,0
correct/reloj_073_aug19.png,0,1,0
correct/reloj_073_aug20.png,0,1,0
correct/reloj_073_aug21.png,0,1,0
correct/reloj_073_aug22.png,0,1,0
correct/reloj_073_aug23.png,0,1,0
correct/reloj_073_aug24.png,0,1,0
correct/reloj_073_aug25.png,0,1,0
correct/reloj_073_aug26.png,0,1,0
correct/reloj_073_aug27.png,0,1,0
correct/reloj_073_aug28.png,0,1,0
correct/reloj_073_aug29.png,0,1,0
correct/reloj_073_aug30.png,0,1,0
correct/reloj_073_aug31.png,0,1,0
correct/reloj_073_aug32.png,0,1,0
correct/reloj_073_aug33.png,0,1,0
correct/reloj_073_aug34.png,0,1,0
correct/reloj_073_aug35.png,0,1,0
correct/reloj_073_aug36.png,0,1,0
correct/reloj_073_aug37.png,0,1,0
correct/reloj_073_aug38.png,0,1,0
correct/reloj_073_aug39.png,0,1,0
correct/reloj_073_aug40.png,0,1,0
correct/reloj_073_aug41.png,0,1,0
correct/reloj_073_aug42.png,0,1,0
correct/reloj_073_aug43.png,0,1,0
correct/reloj_073_aug44.png,0,1,0
correct/reloj_073_aug45.png,0,1,0
correct/reloj_073_aug46.png,0,1,0
correct/reloj_073_aug47.png,0,1,0
correct/reloj_073_aug48.png,0,1,0
incorrect/reloj_309_aug0.jpg,0,1,0
incorrect/reloj_309_aug1.jpg,0,1,0
incorrect/reloj_309_aug2.jpg,0,1,0
incorrect/reloj_309_aug3.jpg,0,1,0
incorrect/reloj_309_aug4.jpg,0,1,0
incorrect/reloj_309_aug5.jpg,0,1,0
incorrect/reloj_309_aug6.jpg,0,1,0
incorrect/reloj_309_aug7.jpg,0,1,0
incorrect/reloj_309_aug8.jpg,0,1,0
incorrect/reloj_309_aug9.jpg,0,1,0
incorrect/reloj_309_aug10.jpg,0,1,0
incorrect/reloj_309_aug11.jpg,0,1,0
incorrect/reloj_309_aug12.jpg,0,1,0
incorrect/reloj_309_aug13.jpg,0,1,0
incorrect/reloj_309_aug14.jpg,0,1,0
incorrect/reloj_309_aug15.jpg,0,1,0
incorrect/reloj_309_aug16.jpg,0,1,0
incorrect/reloj_309_aug17.jpg,0,1,0
incorrect/reloj_309_aug18.jpg,0,1,0
incorrect/reloj_309_aug19.jpg,0,1,0
incorrect/reloj_309_aug20.jpg,0,1,0
incorrect/reloj_309_aug21.jpg,0,1,0
incorrect/reloj_309_aug22.jpg,0,1,0
incorrect/reloj_309_aug23.jpg,0,1,0
incorrect/reloj_309_aug24.jpg,0,1,0
incorrect/reloj_309_aug25.jpg,0,1,0
incorrect/reloj_309_aug26.jpg,0,1,0
incorrect/reloj_309_aug27.jpg,0,1,0
incorrect/reloj_309_aug28.jpg,0,1,0
incorrect/reloj_309_aug29.jpg,0,1,0
incorrect/reloj_309_aug30.jpg,0,1,0
incorrect/reloj_309_aug31.jpg,0,1,0
incorrect/reloj_309_aug32.jpg,0,1,0
incorrect/reloj_309_aug33.jpg,0,1,0
incorrect/reloj_309_aug34.jpg,0,1,0
incorrect/reloj_309_aug35.jpg,0,1,0
incorrect/reloj_309_aug36.jpg,0,1,0
incorrect/reloj_309_aug37.jpg,0,1,0
incorrect/reloj_309_aug38.jpg,0,1,0
incorrect/reloj_309_aug39.jpg,0,1,0
incorrect/reloj_309_aug40.jpg,0,1,0
incorrect/reloj_309_aug41.jpg,0,1,0
incorrect/reloj_309_aug42.jpg,0,1,0
incorrect/reloj_309_aug43.jpg,0,1,0
incorrect/reloj_309_aug44.jpg,0,1,0
incorrect/reloj_309_aug45.jpg,0,1,0
incorrect/reloj_309_aug46.jpg,0,1,0
incorrect/reloj_309_aug47.jpg,0,1,0
incorrect/reloj_309_aug48.jpg,0,1,0
correct/reloj_079_aug0.png,0,1,0
correct/reloj_079_aug1.png,0,1,0
correct/reloj_079_aug2.png,0,1,0
correct/reloj_079_aug3.png,0,1,0
correct/reloj_079_aug4.png,0,1,0
correct/reloj_079_aug5.png,0,1,0
correct/reloj_079_aug6.png,0,1,0
correct/reloj_079_aug7.png,0,1,0
correct/reloj_079_aug8.png,0,1,0
correct/reloj_079_aug9.png,0,1,0
correct/reloj_079_aug10.png,0,1,0
correct/reloj_079_aug11.png,0,1,0
correct/reloj_079_aug12.png,0,1,0
correct/reloj_079_aug13.png,0,1,0
correct/reloj_079_aug14.png,0,1,0
correct/reloj_079_aug15.png,0,1,0
correct/reloj_079_aug16.png,0,1,0
correct/reloj_079_aug17.png,0,1,0
correct/reloj_079_aug18.png,0,1,0
correct/reloj_079_aug19.png,0,1,0
correct/reloj_079_aug20.png,0,1,0
correct/reloj_079_aug21.png,0,1,0
correct/reloj_079_aug22.png,0,1,0
correct/reloj_079_aug23.png,0,1,0
correct/reloj_079_aug24.png,0,1,0
correct/reloj_079_aug25.png,0,1,0
correct/reloj_079_aug26.png,0,1,0
correct/reloj_079_aug27.png,0,1,0
correct/reloj_079_aug28.png,0,1,0
correct/reloj_079_aug29.png,0,1,0
correct/reloj_079_aug30.png,0,1,0
correct/reloj_079_aug31.png,0,1,0
correct/reloj_079_aug32.png,0,1,0
correct/reloj_079_aug33.png,0,1,0
correct/reloj_079_aug34.png,0,1,0
correct/reloj_079_aug35.png,0,1,0
correct/reloj_079_aug36.png,0,1,0
correct/reloj_079_aug37.png,0,1,0
correct/reloj_079_aug38.png,0,1,0
correct/reloj_079_aug39.png,0,1,0
correct/reloj_079_aug40.png,0,1,0
correct/reloj_079_aug41.png,0,1,0
correct/reloj_079_aug42.png,0,1,0
correct/reloj_079_aug43.png,0,1,0
correct/reloj_079_aug44.png,0,1,0
correct/reloj_079_aug45.png,0,1,0
correct/reloj_079_aug46.png,0,1,0
correct/reloj_079_aug47.png,0,1,0
correct/reloj_079_aug48.png,0,1,0
correct/reloj_019_aug0.png,0,1,0
correct/reloj_019_aug1.png,0,1,0
correct/reloj_019_aug2.png,0,1,0
correct/reloj_019_aug3.png,0,1,0
correct/reloj_019_aug4.png,0,1,0
correct/reloj_019_aug5.png,0,1,0
correct/reloj_019_aug6.png,0,1,0
correct/reloj_019_aug7.png,0,1,0
correct/reloj_019_aug8.png,0,1,0
correct/reloj_019_aug9.png,0,1,0
correct/reloj_019_aug10.png,0,1,0
correct/reloj_019_aug11.png,0,1,0
correct/reloj_019_aug12.png,0,1,0
correct/reloj_019_aug13.png,0,1,0
correct/reloj_019_aug14.png,0,1,0
correct/reloj_019_aug15.png,0,1,0
correct/reloj_019_aug16.png,0,1,0
correct/reloj_019_aug17.png,0,1,0
correct/reloj_019_aug18.png,0,1,0
correct/reloj_019_aug19.png,0,1,0
correct/reloj_019_aug20.png,0,1,0
correct/reloj_019_aug21.png,0,1,0
correct/reloj_019_aug22.png,0,1,0
correct/reloj_019_aug23.png,0,1,0
correct/reloj_019_aug24.png,0,1,0
correct/reloj_019_aug25.png,0,1,0
correct/reloj_019_aug26.png,0,1,0
correct/reloj_019_aug27.png,0,1,0
correct/reloj_019_aug28.png,0,1,0
correct/reloj_019_aug29.png,0,1,0
correct/reloj_019_aug30.png,0,1,0
correct/reloj_019_aug31.png,0,1,0
correct/reloj_019_aug32.png,0,1,0
correct/reloj_019_aug33.png,0,1,0
correct/reloj_019_aug34.png,0,1,0
correct/reloj_019_aug35.png,0,1,0
correct/reloj_019_aug36.png,0,1,0
correct/reloj_019_aug37.png,0,1,0
correct/reloj_019_aug38.png,0,1,0
correct/reloj_019_aug39.png,0,1,0
correct/reloj_019_aug40.png,0,1,0
correct/reloj_019_aug41.png,0,1,0
correct/reloj_019_aug42.png,0,1,0
correct/reloj_019_aug43.png,0,1,0
correct/reloj_019_aug44.png,0,1,0
correct/reloj_019_aug45.png,0,1,0
correct/reloj_019_aug46.png,0,1,0
correct/reloj_019_aug47.png,0,1,0
correct/reloj_019_aug48.png,0,1,0
incorrect/reloj_311_aug0.jpg,0,1,0
incorrect/reloj_311_aug1.jpg,0,1,0
incorrect/reloj_311_aug2.jpg,0,1,0
incorrect/reloj_311_aug3.jpg,0,1,0
incorrect/reloj_311_aug4.jpg,0,1,0
incorrect/reloj_311_aug5.jpg,0,1,0
incorrect/reloj_311_aug6.jpg,0,1,0
incorrect/reloj_311_aug7.jpg,0,1,0
incorrect/reloj_311_aug8.jpg,0,1,0
incorrect/reloj_311_aug9.jpg,0,1,0
incorrect/reloj_311_aug10.jpg,0,1,0
incorrect/reloj_311_aug11.jpg,0,1,0
incorrect/reloj_311_aug12.jpg,0,1,0
incorrect/reloj_311_aug13.jpg,0,1,0
incorrect/reloj_311_aug14.jpg,0,1,0
incorrect/reloj_311_aug15.jpg,0,1,0
incorrect/reloj_311_aug16.jpg,0,1,0
incorrect/reloj_311_aug17.jpg,0,1,0
incorrect/reloj_311_aug18.jpg,0,1,0
incorrect/reloj_311_aug19.jpg,0,1,0
incorrect/reloj_311_aug20.jpg,0,1,0
incorrect/reloj_311_aug21.jpg,0,1,0
incorrect/reloj_311_aug22.jpg,0,1,0
incorrect/reloj_311_aug23.jpg,0,1,0
incorrect/reloj_311_aug24.jpg,0,1,0
incorrect/reloj_311_aug25.jpg,0,1,0
incorrect/reloj_311_aug26.jpg,0,1,0
incorrect/reloj_311_aug27.jpg,0,1,0
incorrect/reloj_311_aug28.jpg,0,1,0
incorrect/reloj_311_aug29.jpg,0,1,0
incorrect/reloj_311_aug30.jpg,0,1,0
incorrect/reloj_311_aug31.jpg,0,1,0
incorrect/reloj_311_aug32.jpg,0,1,0
incorrect/reloj_311_aug33.jpg,0,1,0
incorrect/reloj_311_aug34.jpg,0,1,0
incorrect/reloj_311_aug35.jpg,0,1,0
incorrect/reloj_311_aug36.jpg,0,1,0
incorrect/reloj_311_aug37.jpg,0,1,0
incorrect/reloj_311_aug38.jpg,0,1,0
incorrect/reloj_311_aug39.jpg,0,1,0
incorrect/reloj_311_aug40.jpg,0,1,0
incorrect/reloj_311_aug41.jpg,0,1,0
incorrect/reloj_311_aug42.jpg,0,1,0
incorrect/reloj_311_aug43.jpg,0,1,0
incorrect/reloj_311_aug44.jpg,0,1,0
incorrect/reloj_311_aug45.jpg,0,1,0
incorrect/reloj_311_aug46.jpg,0,1,0
incorrect/reloj_311_aug47.jpg,0,1,0
incorrect/reloj_311_aug48.jpg,0,1,0
correct/reloj_007_aug0.jpg,1,0,0
correct/reloj_007_aug1.jpg,1,0,0
correct/reloj_007_aug2.jpg,1,0,0
correct/reloj_007_aug3.jpg,1,0,0
correct/reloj_007_aug4.jpg,1,0,0
correct/reloj_007_aug5.jpg,1,0,0
correct/reloj_007_aug6.jpg,1,0,0
correct/reloj_007_aug7.jpg,1,0,0
correct/reloj_007_aug8.jpg,1,0,0
correct/reloj_007_aug9.jpg,1,0,0
correct/reloj_007_aug10.jpg,1,0,0
correct/reloj_007_aug11.jpg,1,0,0
correct/reloj_007_aug12.jpg,1,0,0
correct/reloj_007_aug13.jpg,1,0,0
correct/reloj_007_aug14.jpg,1,0,0
correct/reloj_007_aug15.jpg,1,0,0
correct/reloj_007_aug16.jpg,1,0,0
correct/reloj_007_aug17.jpg,1,0,0
correct/reloj_007_aug18.jpg,1,0,0
correct/reloj_007_aug19.jpg,1,0,0
correct/reloj_007_aug20.jpg,1,0,0
correct/reloj_007_aug21.jpg,1,0,0
correct/reloj_007_aug22.jpg,1,0,0
correct/reloj_007_aug23.jpg,1,0,0
correct/reloj_007_aug24.jpg,1,0,0
correct/reloj_007_aug25.jpg,1,0,0
correct/reloj_007_aug26.jpg,1,0,0
correct/reloj_007_aug27.jpg,1,0,0
correct/reloj_007_aug28.jpg,1,0,0
correct/reloj_007_aug29.jpg,1,0,0
correct/reloj_007_aug30.jpg,1,0,0
correct/reloj_007_aug31.jpg,1,0,0
correct/reloj_007_aug32.jpg,1,0,0
correct/reloj_007_aug33.jpg,1,0,0
correct/reloj_007_aug34.jpg,1,0,0
correct/reloj_007_aug35.jpg,1,0,0
correct/reloj_007_aug36.jpg,1,0,0
correct/reloj_007_aug37.jpg,1,0,0
correct/reloj_007_aug38.jpg,1,0,0
correct/reloj_007_aug39.jpg,1,0,0
correct/reloj_007_aug40.jpg,1,0,0
correct/reloj_007_aug41.jpg,1,0,0
correct/reloj_007_aug42.jpg,1,0,0
correct/reloj_007_aug43.jpg,1,0,0
correct/reloj_007_aug44.jpg,1,0,0
correct/reloj_007_aug45.jpg,1,0,0
correct/reloj_007_aug46.jpg,1,0,0
correct/reloj_007_aug47.jpg,1,0,0
correct/reloj_007_aug48.jpg,1,0,0
correct/reloj_004_aug0.jpg,1,0,0
correct/reloj_004_aug1.jpg,1,0,0
correct/reloj_004_aug2.jpg,1,0,0
correct/reloj_004_aug3.jpg,1,0,0
correct/reloj_004_aug4.jpg,1,0,0
correct/reloj_004_aug5.jpg,1,0,0
correct/reloj_004_aug6.jpg,1,0,0
correct/reloj_004_aug7.jpg,1,0,0
correct/reloj_004_aug8.jpg,1,0,0
correct/reloj_004_aug9.jpg,1,0,0
correct/reloj_004_aug10.jpg,1,0,0
correct/reloj_004_aug11.jpg,1,0,0
correct/reloj_004_aug12.jpg,1,0,0
correct/reloj_004_aug13.jpg,1,0,0
correct/reloj_004_aug14.jpg,1,0,0
correct/reloj_004_aug15.jpg,1,0,0
correct/reloj_004_aug16.jpg,1,0,0
correct/reloj_004_aug17.jpg,1,0,0
correct/reloj_004_aug18.jpg,1,0,0
correct/reloj_004_aug19.jpg,1,0,0
correct/reloj_004_aug20.jpg,1,0,0
correct/reloj_004_aug21.jpg,1,0,0
correct/reloj_004_aug22.jpg,1,0,0
correct/reloj_004_aug23.jpg,1,0,0
correct/reloj_004_aug24.jpg,1,0,0
correct/reloj_004_aug25.jpg,1,0,0
correct/reloj_004_aug26.jpg,1,0,0
correct/reloj_004_aug27.jpg,1,0,0
correct/reloj_004_aug28.jpg,1,0,0
correct/reloj_004_aug29.jpg,1,0,0
correct/reloj_004_aug30.jpg,1,0,0
correct/reloj_004_aug31.jpg,1,0,0
correct/reloj_004_aug32.jpg,1,0,0
correct/reloj_004_aug33.jpg,1,0,0
correct/reloj_004_aug34.jpg,1,0,0
correct/reloj_004_aug35.jpg,1,0,0
correct/reloj_004_aug36.jpg,1,0,0
correct/reloj_004_aug37.jpg,1,0,0
correct/reloj_004_aug38.jpg,1,0,0
correct/reloj_004_aug39.jpg,1,0,0
correct/reloj_004_aug40.jpg,1,0,0
correct/reloj_004_aug41.jpg,1,0,0
correct/reloj_004_aug42.jpg,1,0,0
correct/reloj_004_aug43.jpg,1,0,0
correct/reloj_004_aug44.jpg,1,0,0
correct/reloj_004_aug45.jpg,1,0,0
correct/reloj_004_aug46.jpg,1,0,0
correct/reloj_004_aug47.jpg,1,0,0
correct/reloj_004_aug48.jpg,1,0,0
correct/reloj_008_aug0.jpg,1,0,0
correct/reloj_008_aug1.jpg,1,0,0
correct/reloj_008_aug2.jpg,1,0,0
correct/reloj_008_aug3.jpg,1,0,0
correct/reloj_008_aug4.jpg,1,0,0
correct/reloj_008_aug5.jpg,1,0,0
correct/reloj_008_aug6.jpg,1,0,0
correct/reloj_008_aug7.jpg,1,0,0
correct/reloj_008_aug8.jpg,1,0,0
correct/reloj_008_aug9.jpg,1,0,0
correct/reloj_008_aug10.jpg,1,0,0
correct/reloj_008_aug11.jpg,1,0,0
correct/reloj_008_aug12.jpg,1,0,0
correct/reloj_008_aug13.jpg,1,0,0
correct/reloj_008_aug14.jpg,1,0,0
correct/reloj_008_aug15.jpg,1,0,0
correct/reloj_008_aug16.jpg,1,0,0
correct/reloj_008_aug17.jpg,1,0,0
correct/reloj_008_aug18.jpg,1,0,0
correct/reloj_008_aug19.jpg,1,0,0
correct/reloj_008_aug20.jpg,1,0,0
correct/reloj_008_aug21.jpg,1,0,0
correct/reloj_008_aug22.jpg,1,0,0
correct/reloj_008_aug23.jpg,1,0,0
correct/reloj_008_aug24.jpg,1,0,0
correct/reloj_008_aug25.jpg,1,0,0
correct/reloj_008_aug26.jpg,1,0,0
correct/reloj_008_aug27.jpg,1,0,0
correct/reloj_008_aug28.jpg,1,0,0
correct/reloj_008_aug29.jpg,1,0,0
correct/reloj_008_aug30.jpg,1,0,0
correct/reloj_008_aug31.jpg,1,0,0
correct/reloj_008_aug32.jpg,1,0,0
correct/reloj_008_aug33.jpg,1,0,0
correct/reloj_008_aug34.jpg,1,0,0
correct/reloj_008_aug35.jpg,1,0,0
correct/reloj_008_aug36.jpg,1,0,0
correct/reloj_008_aug37.jpg,1,0,0
correct/reloj_008_aug38.jpg,1,0,0
correct/reloj_008_aug39.jpg,1,0,0
correct/reloj_008_aug40.jpg,1,0,0
correct/reloj_008_aug41.jpg,1,0,0
correct/reloj_008_aug42.jpg,1,0,0
correct/reloj_008_aug43.jpg,1,0,0
correct/reloj_008_aug44.jpg,1,0,0
correct/reloj_008_aug45.jpg,1,0,0
correct/reloj_008_aug46.jpg,1,0,0
correct/reloj_008_aug47.jpg,1,0,0
correct/reloj_008_aug48.jpg,1,0,0
correct/reloj_006_aug0.jpg,1,0,0
correct/reloj_006_aug1.jpg,1,0,0
correct/reloj_006_aug2.jpg,1,0,0
correct/reloj_006_aug3.jpg,1,0,0
correct/reloj_006_aug4.jpg,1,0,0
correct/reloj_006_aug5.jpg,1,0,0
correct/reloj_006_aug6.jpg,1,0,0
correct/reloj_006_aug7.jpg,1,0,0
correct/reloj_006_aug8.jpg,1,0,0
correct/reloj_006_aug9.jpg,1,0,0
correct/reloj_006_aug10.jpg,1,0,0
correct/reloj_006_aug11.jpg,1,0,0
correct/reloj_006_aug12.jpg,1,0,0
correct/reloj_006_aug13.jpg,1,0,0
correct/reloj_006_aug14.jpg,1,0,0
correct/reloj_006_aug15.jpg,1,0,0
correct/reloj_006_aug16.jpg,1,0,0
correct/reloj_006_aug17.jpg,1,0,0
correct/reloj_006_aug18.jpg,1,0,0
correct/reloj_006_aug19.jpg,1,0,0
correct/reloj_006_aug20.jpg,1,0,0
correct/reloj_006_aug21.jpg,1,0,0
correct/reloj_006_aug22.jpg,1,0,0
correct/reloj_006_aug23.jpg,1,0,0
correct/reloj_006_aug24.jpg,1,0,0
correct/reloj_006_aug25.jpg,1,0,0
correct/reloj_006_aug26.jpg,1,0,0
correct/reloj_006_aug27.jpg,1,0,0
correct/reloj_006_aug28.jpg,1,0,0
correct/reloj_006_aug29.jpg,1,0,0
correct/reloj_006_aug30.jpg,1,0,0
correct/reloj_006_aug31.jpg,1,0,0
correct/reloj_006_aug32.jpg,1,0,0
correct/reloj_006_aug33.jpg,1,0,0
correct/reloj_006_aug34.jpg,1,0,0
correct/reloj_006_aug35.jpg,1,0,0
correct/reloj_006_aug36.jpg,1,0,0
correct/reloj_006_aug37.jpg,1,0,0
correct/reloj_006_aug38.jpg,1,0,0
correct/reloj_006_aug39.jpg,1,0,0
correct/reloj_006_aug40.jpg,1,0,0
correct/reloj_006_aug41.jpg,1,0,0
correct/reloj_006_aug42.jpg,1,0,0
correct/reloj_006_aug43.jpg,1,0,0
correct/reloj_006_aug44.jpg,1,0,0
correct/reloj_006_aug45.jpg,1,0,0
correct/reloj_006_aug46.jpg,1,0,0
correct/reloj_006_aug47.jpg,1,0,0
correct/reloj_006_aug48.jpg,1,0,0
correct/reloj_160_aug0.jpg,1,0,0
correct/reloj_160_aug1.jpg,1,0,0
correct/reloj_160_aug2.jpg,1,0,0
correct/reloj_160_aug3.jpg,1,0,0
correct/reloj_160_aug4.jpg,1,0,0
correct/reloj_160_aug5.jpg,1,0,0
correct/reloj_160_aug6.jpg,1,0,0
correct/reloj_160_aug7.jpg,1,0,0
correct/reloj_160_aug8.jpg,1,0,0
correct/reloj_160_aug9.jpg,1,0,0
correct/reloj_160_aug10.jpg,1,0,0
correct/reloj_160_aug11.jpg,1,0,0
correct/reloj_160_aug12.jpg,1,0,0
correct/reloj_160_aug13.jpg,1,0,0
correct/reloj_160_aug14.jpg,1,0,0
correct/reloj_160_aug15.jpg,1,0,0
correct/reloj_160_aug16.jpg,1,0,0
correct/reloj_160_aug17.jpg,1,0,0
correct/reloj_160_aug18.jpg,1,0,0
correct/reloj_160_aug19.jpg,1,0,0
correct/reloj_160_aug20.jpg,1,0,0
correct/reloj_160_aug21.jpg,1,0,0
correct/reloj_160_aug22.jpg,1,0,0
correct/reloj_160_aug23.jpg,1,0,0
correct/reloj_160_aug24.jpg,1,0,0
correct/reloj_160_aug25.jpg,1,0,0
correct/reloj_160_aug26.jpg,1,0,0
correct/reloj_160_aug27.jpg,1,0,0
correct/reloj_160_aug28.jpg,1,0,0
correct/reloj_160_aug29.jpg,1,0,0
correct/reloj_160_aug30.jpg,1,0,0
correct/reloj_160_aug31.jpg,1,0,0
correct/reloj_160_aug32.jpg,1,0,0
correct/reloj_160_aug33.jpg,1,0,0
correct/reloj_160_aug34.jpg,1,0,0
correct/reloj_160_aug35.jpg,1,0,0
correct/reloj_160_aug36.jpg,1,0,0
correct/reloj_160_aug37.jpg,1,0,0
correct/reloj_160_aug38.jpg,1,0,0
correct/reloj_160_aug39.jpg,1,0,0
correct/reloj_160_aug40.jpg,1,0,0
correct/reloj_160_aug41.jpg,1,0,0
correct/reloj_160_aug42.jpg,1,0,0
correct/reloj_160_aug43.jpg,1,0,0
correct/reloj_160_aug44.jpg,1,0,0
correct/reloj_160_aug45.jpg,1,0,0
correct/reloj_160_aug46.jpg,1,0,0
correct/reloj_160_aug47.jpg,1,0,0
correct/reloj_160_aug48.jpg,1,0,0
correct/reloj_020_aug0.jpg,1,0,0
correct/reloj_020_aug1.jpg,1,0,0
correct/reloj_020_aug2.jpg,1,0,0
correct/reloj_020_aug3.jpg,1,0,0
correct/reloj_020_aug4.jpg,1,0,0
correct/reloj_020_aug5.jpg,1,0,0
correct/reloj_020_aug6.jpg,1,0,0
correct/reloj_020_aug7.jpg,1,0,0
correct/reloj_020_aug8.jpg,1,0,0
correct/reloj_020_aug9.jpg,1,0,0
correct/reloj_020_aug10.jpg,1,0,0
correct/reloj_020_aug11.jpg,1,0,0
correct/reloj_020_aug12.jpg,1,0,0
correct/reloj_020_aug13.jpg,1,0,0
correct/reloj_020_aug14.jpg,1,0,0
correct/reloj_020_aug15.jpg,1,0,0
correct/reloj_020_aug16.jpg,1,0,0
correct/reloj_020_aug17.jpg,1,0,0
correct/reloj_020_aug18.jpg,1,0,0
correct/reloj_020_aug19.jpg,1,0,0
correct/reloj_020_aug20.jpg,1,0,0
correct/reloj_020_aug21.jpg,1,0,0
correct/reloj_020_aug22.jpg,1,0,0
correct/reloj_020_aug23.jpg,1,0,0
correct/reloj_020_aug24.jpg,1,0,0
correct/reloj_020_aug25.jpg,1,0,0
correct/reloj_020_aug26.jpg,1,0,0
correct/reloj_020_aug27.jpg,1,0,0
correct/reloj_020_aug28.jpg,1,0,0
correct/reloj_020_aug29.jpg,1,0,0
correct/reloj_020_aug30.jpg,1,0,0
correct/reloj_020_aug31.jpg,1,0,0
correct/reloj_020_aug32.jpg,1,0,0
correct/reloj_020_aug33.jpg,1,0,0
correct/reloj_020_aug34.jpg,1,0,0
correct/reloj_020_aug35.jpg,1,0,0
correct/reloj_020_aug36.jpg,1,0,0
correct/reloj_020_aug37.jpg,1,0,0
correct/reloj_020_aug38.jpg,1,0,0
correct/reloj_020_aug39.jpg,1,0,0
correct/reloj_020_aug40.jpg,1,0,0
correct/reloj_020_aug41.jpg,1,0,0
correct/reloj_020_aug42.jpg,1,0,0
correct/reloj_020_aug43.jpg,1,0,0
correct/reloj_020_aug44.jpg,1,0,0
correct/reloj_020_aug45.jpg,1,0,0
correct/reloj_020_aug46.jpg,1,0,0
correct/reloj_020_aug47.jpg,1,0,0
correct/reloj_020_aug48.jpg,1,0,0
correct/reloj_009_aug0.jpg,1,0,0
correct/reloj_009_aug1.jpg,1,0,0
correct/reloj_009_aug2.jpg,1,0,0
correct/reloj_009_aug3.jpg,1,0,0
correct/reloj_009_aug4.jpg,1,0,0
correct/reloj_009_aug5.jpg,1,0,0
correct/reloj_009_aug6.jpg,1,0,0
correct/reloj_009_aug7.jpg,1,0,0
correct/reloj_009_aug8.jpg,1,0,0
correct/reloj_009_aug9.jpg,1,0,0
correct/reloj_009_aug10.jpg,1,0,0
correct/reloj_009_aug11.jpg,1,0,0
correct/reloj_009_aug12.jpg,1,0,0
correct/reloj_009_aug13.jpg,1,0,0
correct/reloj_009_aug14.jpg,1,0,0
correct/reloj_009_aug15.jpg,1,0,0
correct/reloj_009_aug16.jpg,1,0,0
correct/reloj_009_aug17.jpg,1,0,0
correct/reloj_009_aug18.jpg,1,0,0
correct/reloj_009_aug19.jpg,1,0,0
correct/reloj_009_aug20.jpg,1,0,0
correct/reloj_009_aug21.jpg,1,0,0
correct/reloj_009_aug22.jpg,1,0,0
correct/reloj_009_aug23.jpg,1,0,0
correct/reloj_009_aug24.jpg,1,0,0
correct/reloj_009_aug25.jpg,1,0,0
correct/reloj_009_aug26.jpg,1,0,0
correct/reloj_009_aug27.jpg,1,0,0
correct/reloj_009_aug28.jpg,1,0,0
correct/reloj_009_aug29.jpg,1,0,0
correct/reloj_009_aug30.jpg,1,0,0
correct/reloj_009_aug31.jpg,1,0,0
correct/reloj_009_aug32.jpg,1,0,0
correct/reloj_009_aug33.jpg,1,0,0
correct/reloj_009_aug34.jpg,1,0,0
correct/reloj_009_aug35.jpg,1,0,0
correct/reloj_009_aug36.jpg,1,0,0
correct/reloj_009_aug37.jpg,1,0,0
correct/reloj_009_aug38.jpg,1,0,0
correct/reloj_009_aug39.jpg,1,0,0
correct/reloj_009_aug40.jpg,1,0,0
correct/reloj_009_aug41.jpg,1,0,0
correct/reloj_009_aug42.jpg,1,0,0
correct/reloj_009_aug43.jpg,1,0,0
correct/reloj_009_aug44.jpg,1,0,0
correct/reloj_009_aug45.jpg,1,0,0
correct/reloj_009_aug46.jpg,1,0,0
correct/reloj_009_aug47.jpg,1,0,0
correct/reloj_009_aug48.jpg,1,0,0
correct/reloj_130_aug0.jpg,1,0,0
correct/reloj_130_aug1.jpg,1,0,0
correct/reloj_130_aug2.jpg,1,0,0
correct/reloj_130_aug3.jpg,1,0,0
correct/reloj_130_aug4.jpg,1,0,0
correct/reloj_130_aug5.jpg,1,0,0
correct/reloj_130_aug6.jpg,1,0,0
correct/reloj_130_aug7.jpg,1,0,0
correct/reloj_130_aug8.jpg,1,0,0
correct/reloj_130_aug9.jpg,1,0,0
correct/reloj_130_aug10.jpg,1,0,0
correct/reloj_130_aug11.jpg,1,0,0
correct/reloj_130_aug12.jpg,1,0,0
correct/reloj_130_aug13.jpg,1,0,0
correct/reloj_130_aug14.jpg,1,0,0
correct/reloj_130_aug15.jpg,1,0,0
correct/reloj_130_aug16.jpg,1,0,0
correct/reloj_130_aug17.jpg,1,0,0
correct/reloj_130_aug18.jpg,1,0,0
correct/reloj_130_aug19.jpg,1,0,0
correct/reloj_130_aug20.jpg,1,0,0
correct/reloj_130_aug21.jpg,1,0,0
correct/reloj_130_aug22.jpg,1,0,0
correct/reloj_130_aug23.jpg,1,0,0
correct/reloj_130_aug24.jpg,1,0,0
correct/reloj_130_aug25.jpg,1,0,0
correct/reloj_130_aug26.jpg,1,0,0
correct/reloj_130_aug27.jpg,1,0,0
correct/reloj_130_aug28.jpg,1,0,0
correct/reloj_130_aug29.jpg,1,0,0
correct/reloj_130_aug30.jpg,1,0,0
correct/reloj_130_aug31.jpg,1,0,0
correct/reloj_130_aug32.jpg,1,0,0
correct/reloj_130_aug33.jpg,1,0,0
correct/reloj_130_aug34.jpg,1,0,0
correct/reloj_130_aug35.jpg,1,0,0
correct/reloj_130_aug36.jpg,1,0,0
correct/reloj_130_aug37.jpg,1,0,0
correct/reloj_130_aug38.jpg,1,0,0
correct/reloj_130_aug39.jpg,1,0,0
correct/reloj_130_aug40.jpg,1,0,0
correct/reloj_130_aug41.jpg,1,0,0
correct/reloj_130_aug42.jpg,1,0,0
correct/reloj_130_aug43.jpg,1,0,0
correct/reloj_130_aug44.jpg,1,0,0
correct/reloj_130_aug45.jpg,1,0,0
correct/reloj_130_aug46.jpg,1,0,0
correct/reloj_130_aug47.jpg,1,0,0
correct/reloj_130_aug48.jpg,1,0,0
correct/reloj_010_aug0.jpg,1,0,0
correct/reloj_010_aug1.jpg,1,0,0
correct/reloj_010_aug2.jpg,1,0,0
correct/reloj_010_aug3.jpg,1,0,0
correct/reloj_010_aug4.jpg,1,0,0
correct/reloj_010_aug5.jpg,1,0,0
correct/reloj_010_aug6.jpg,1,0,0
correct/reloj_010_aug7.jpg,1,0,0
correct/reloj_010_aug8.jpg,1,0,0
correct/reloj_010_aug9.jpg,1,0,0
correct/reloj_010_aug10.jpg,1,0,0
correct/reloj_010_aug11.jpg,1,0,0
correct/reloj_010_aug12.jpg,1,0,0
correct/reloj_010_aug13.jpg,1,0,0
correct/reloj_010_aug14.jpg,1,0,0
correct/reloj_010_aug15.jpg,1,0,0
correct/reloj_010_aug16.jpg,1,0,0
correct/reloj_010_aug17.jpg,1,0,0
correct/reloj_010_aug18.jpg,1,0,0
correct/reloj_010_aug19.jpg,1,0,0
correct/reloj_010_aug20.jpg,1,0,0
correct/reloj_010_aug21.jpg,1,0,0
correct/reloj_010_aug22.jpg,1,0,0
correct/reloj_010_aug23.jpg,1,0,0
correct/reloj_010_aug24.jpg,1,0,0
correct/reloj_010_aug25.jpg,1,0,0
correct/reloj_010_aug26.jpg,1,0,0
correct/reloj_010_aug27.jpg,1,0,0
correct/reloj_010_aug28.jpg,1,0,0
correct/reloj_010_aug29.jpg,1,0,0
correct/reloj_010_aug30.jpg,1,0,0
correct/reloj_010_aug31.jpg,1,0,0
correct/reloj_010_aug32.jpg,1,0,0
correct/reloj_010_aug33.jpg,1,0,0
correct/reloj_010_aug34.jpg,1,0,0
correct/reloj_010_aug35.jpg,1,0,0
correct/reloj_010_aug36.jpg,1,0,0
correct/reloj_010_aug37.jpg,1,0,0
correct/reloj_010_aug38.jpg,1,0,0
correct/reloj_010_aug39.jpg,1,0,0
correct/reloj_010_aug40.jpg,1,0,0
correct/reloj_010_aug41.jpg,1,0,0
correct/reloj_010_aug42.jpg,1,0,0
correct/reloj_010_aug43.jpg,1,0,0
correct/reloj_010_aug44.jpg,1,0,0
correct/reloj_010_aug45.jpg,1,0,0
correct/reloj_010_aug46.jpg,1,0,0
correct/reloj_010_aug47.jpg,1,0,0
correct/reloj_010_aug48.jpg,1,0,0
correct/reloj_001_aug0.jpg,1,0,0
correct/reloj_001_aug1.jpg,1,0,0
correct/reloj_001_aug2.jpg,1,0,0
correct/reloj_001_aug3.jpg,1,0,0
correct/reloj_001_aug4.jpg,1,0,0
correct/reloj_001_aug5.jpg,1,0,0
correct/reloj_001_aug6.jpg,1,0,0
correct/reloj_001_aug7.jpg,1,0,0
correct/reloj_001_aug8.jpg,1,0,0
correct/reloj_001_aug9.jpg,1,0,0
correct/reloj_001_aug10.jpg,1,0,0
correct/reloj_001_aug11.jpg,1,0,0
correct/reloj_001_aug12.jpg,1,0,0
correct/reloj_001_aug13.jpg,1,0,0
correct/reloj_001_aug14.jpg,1,0,0
correct/reloj_001_aug15.jpg,1,0,0
correct/reloj_001_aug16.jpg,1,0,0
correct/reloj_001_aug17.jpg,1,0,0
correct/reloj_001_aug18.jpg,1,0,0
correct/reloj_001_aug19.jpg,1,0,0
correct/reloj_001_aug20.jpg,1,0,0
correct/reloj_001_aug21.jpg,1,0,0
correct/reloj_001_aug22.jpg,1,0,0
correct/reloj_001_aug23.jpg,1,0,0
correct/reloj_001_aug24.jpg,1,0,0
correct/reloj_001_aug25.jpg,1,0,0
correct/reloj_001_aug26.jpg,1,0,0
correct/reloj_001_aug27.jpg,1,0,0
correct/reloj_001_aug28.jpg,1,0,0
correct/reloj_001_aug29.jpg,1,0,0
correct/reloj_001_aug30.jpg,1,0,0
correct/reloj_001_aug31.jpg,1,0,0
correct/reloj_001_aug32.jpg,1,0,0
correct/reloj_001_aug33.jpg,1,0,0
correct/reloj_001_aug34.jpg,1,0,0
correct/reloj_001_aug35.jpg,1,0,0
correct/reloj_001_aug36.jpg,1,0,0
correct/reloj_001_aug37.jpg,1,0,0
correct/reloj_001_aug38.jpg,1,0,0
correct/reloj_001_aug39.jpg,1,0,0
correct/reloj_001_aug40.jpg,1,0,0
correct/reloj_001_aug41.jpg,1,0,0
correct/reloj_001_aug42.jpg,1,0,0
correct/reloj_001_aug43.jpg,1,0,0
correct/reloj_001_aug44.jpg,1,0,0
correct/reloj_001_aug45.jpg,1,0,0
correct/reloj_001_aug46.jpg,1,0,0
correct/reloj_001_aug47.jpg,1,0,0
correct/reloj_001_aug48.jpg,1,0,0
correct/reloj_042_aug0.jpg,1,0,0
correct/reloj_042_aug1.jpg,1,0,0
correct/reloj_042_aug2.jpg,1,0,0
correct/reloj_042_aug3.jpg,1,0,0
correct/reloj_042_aug4.jpg,1,0,0
correct/reloj_042_aug5.jpg,1,0,0
correct/reloj_042_aug6.jpg,1,0,0
correct/reloj_042_aug7.jpg,1,0,0
correct/reloj_042_aug8.jpg,1,0,0
correct/reloj_042_aug9.jpg,1,0,0
correct/reloj_042_aug10.jpg,1,0,0
correct/reloj_042_aug11.jpg,1,0,0
correct/reloj_042_aug12.jpg,1,0,0
correct/reloj_042_aug13.jpg,1,0,0
correct/reloj_042_aug14.jpg,1,0,0
correct/reloj_042_aug15.jpg,1,0,0
correct/reloj_042_aug16.jpg,1,0,0
correct/reloj_042_aug17.jpg,1,0,0
correct/reloj_042_aug18.jpg,1,0,0
correct/reloj_042_aug19.jpg,1,0,0
correct/reloj_042_aug20.jpg,1,0,0
correct/reloj_042_aug21.jpg,1,0,0
correct/reloj_042_aug22.jpg,1,0,0
correct/reloj_042_aug23.jpg,1,0,0
correct/reloj_042_aug24.jpg,1,0,0
correct/reloj_042_aug25.jpg,1,0,0
correct/reloj_042_aug26.jpg,1,0,0
correct/reloj_042_aug27.jpg,1,0,0
correct/reloj_042_aug28.jpg,1,0,0
correct/reloj_042_aug29.jpg,1,0,0
correct/reloj_042_aug30.jpg,1,0,0
correct/reloj_042_aug31.jpg,1,0,0
correct/reloj_042_aug32.jpg,1,0,0
correct/reloj_042_aug33.jpg,1,0,0
correct/reloj_042_aug34.jpg,1,0,0
correct/reloj_042_aug35.jpg,1,0,0
correct/reloj_042_aug36.jpg,1,0,0
correct/reloj_042_aug37.jpg,1,0,0
correct/reloj_042_aug38.jpg,1,0,0
correct/reloj_042_aug39.jpg,1,0,0
correct/reloj_042_aug40.jpg,1,0,0
correct/reloj_042_aug41.jpg,1,0,0
correct/reloj_042_aug42.jpg,1,0,0
correct/reloj_042_aug43.jpg,1,0,0
correct/reloj_042_aug44.jpg,1,0,0
correct/reloj_042_aug45.jpg,1,0,0
correct/reloj_042_aug46.jpg,1,0,0
correct/reloj_042_aug47.jpg,1,0,0
correct/reloj_042_aug48.jpg,1,0,0
correct/reloj_167_aug0.jpg,1,0,0
correct/reloj_167_aug1.jpg,1,0,0
correct/reloj_167_aug2.jpg,1,0,0
correct/reloj_167_aug3.jpg,1,0,0
correct/reloj_167_aug4.jpg,1,0,0
correct/reloj_167_aug5.jpg,1,0,0
correct/reloj_167_aug6.jpg,1,0,0
correct/reloj_167_aug7.jpg,1,0,0
correct/reloj_167_aug8.jpg,1,0,0
correct/reloj_167_aug9.jpg,1,0,0
correct/reloj_167_aug10.jpg,1,0,0
correct/reloj_167_aug11.jpg,1,0,0
correct/reloj_167_aug12.jpg,1,0,0
correct/reloj_167_aug13.jpg,1,0,0
correct/reloj_167_aug14.jpg,1,0,0
correct/reloj_167_aug15.jpg,1,0,0
correct/reloj_167_aug16.jpg,1,0,0
correct/reloj_167_aug17.jpg,1,0,0
correct/reloj_167_aug18.jpg,1,0,0
correct/reloj_167_aug19.jpg,1,0,0
correct/reloj_167_aug20.jpg,1,0,0
correct/reloj_167_aug21.jpg,1,0,0
correct/reloj_167_aug22.jpg,1,0,0
correct/reloj_167_aug23.jpg,1,0,0
correct/reloj_167_aug24.jpg,1,0,0
correct/reloj_167_aug25.jpg,1,0,0
correct/reloj_167_aug26.jpg,1,0,0
correct/reloj_167_aug27.jpg,1,0,0
correct/reloj_167_aug28.jpg,1,0,0
correct/reloj_167_aug29.jpg,1,0,0
correct/reloj_167_aug30.jpg,1,0,0
correct/reloj_167_aug31.jpg,1,0,0
correct/reloj_167_aug32.jpg,1,0,0
correct/reloj_167_aug33.jpg,1,0,0
correct/reloj_167_aug34.jpg,1,0,0
correct/reloj_167_aug35.jpg,1,0,0
correct/reloj_167_aug36.jpg,1,0,0
correct/reloj_167_aug37.jpg,1,0,0
correct/reloj_167_aug38.jpg,1,0,0
correct/reloj_167_aug39.jpg,1,0,0
correct/reloj_167_aug40.jpg,1,0,0
correct/reloj_167_aug41.jpg,1,0,0
correct/reloj_167_aug42.jpg,1,0,0
correct/reloj_167_aug43.jpg,1,0,0
correct/reloj_167_aug44.jpg,1,0,0
correct/reloj_167_aug45.jpg,1,0,0
correct/reloj_167_aug46.jpg,1,0,0
correct/reloj_167_aug47.jpg,1,0,0
correct/reloj_167_aug48.jpg,1,0,0
correct/reloj_165_aug0.jpg,1,0,0
correct/reloj_165_aug1.jpg,1,0,0
correct/reloj_165_aug2.jpg,1,0,0
correct/reloj_165_aug3.jpg,1,0,0
correct/reloj_165_aug4.jpg,1,0,0
correct/reloj_165_aug5.jpg,1,0,0
correct/reloj_165_aug6.jpg,1,0,0
correct/reloj_165_aug7.jpg,1,0,0
correct/reloj_165_aug8.jpg,1,0,0
correct/reloj_165_aug9.jpg,1,0,0
correct/reloj_165_aug10.jpg,1,0,0
correct/reloj_165_aug11.jpg,1,0,0
correct/reloj_165_aug12.jpg,1,0,0
correct/reloj_165_aug13.jpg,1,0,0
correct/reloj_165_aug14.jpg,1,0,0
correct/reloj_165_aug15.jpg,1,0,0
correct/reloj_165_aug16.jpg,1,0,0
correct/reloj_165_aug17.jpg,1,0,0
correct/reloj_165_aug18.jpg,1,0,0
correct/reloj_165_aug19.jpg,1,0,0
correct/reloj_165_aug20.jpg,1,0,0
correct/reloj_165_aug21.jpg,1,0,0
correct/reloj_165_aug22.jpg,1,0,0
correct/reloj_165_aug23.jpg,1,0,0
correct/reloj_165_aug24.jpg,1,0,0
correct/reloj_165_aug25.jpg,1,0,0
correct/reloj_165_aug26.jpg,1,0,0
correct/reloj_165_aug27.jpg,1,0,0
correct/reloj_165_aug28.jpg,1,0,0
correct/reloj_165_aug29.jpg,1,0,0
correct/reloj_165_aug30.jpg,1,0,0
correct/reloj_165_aug31.jpg,1,0,0
correct/reloj_165_aug32.jpg,1,0,0
correct/reloj_165_aug33.jpg,1,0,0
correct/reloj_165_aug34.jpg,1,0,0
correct/reloj_165_aug35.jpg,1,0,0
correct/reloj_165_aug36.jpg,1,0,0
correct/reloj_165_aug37.jpg,1,0,0
correct/reloj_165_aug38.jpg,1,0,0
correct/reloj_165_aug39.jpg,1,0,0
correct/reloj_165_aug40.jpg,1,0,0
correct/reloj_165_aug41.jpg,1,0,0
correct/reloj_165_aug42.jpg,1,0,0
correct/reloj_165_aug43.jpg,1,0,0
correct/reloj_165_aug44.jpg,1,0,0
correct/reloj_165_aug45.jpg,1,0,0
correct/reloj_165_aug46.jpg,1,0,0
correct/reloj_165_aug47.jpg,1,0,0
correct/reloj_165_aug48.jpg,1,0,0
correct/reloj_168_aug0.jpg,1,0,0
correct/reloj_168_aug1.jpg,1,0,0
correct/reloj_168_aug2.jpg,1,0,0
correct/reloj_168_aug3.jpg,1,0,0
correct/reloj_168_aug4.jpg,1,0,0
correct/reloj_168_aug5.jpg,1,0,0
correct/reloj_168_aug6.jpg,1,0,0
correct/reloj_168_aug7.jpg,1,0,0
correct/reloj_168_aug8.jpg,1,0,0
correct/reloj_168_aug9.jpg,1,0,0
correct/reloj_168_aug10.jpg,1,0,0
correct/reloj_168_aug11.jpg,1,0,0
correct/reloj_168_aug12.jpg,1,0,0
correct/reloj_168_aug13.jpg,1,0,0
correct/reloj_168_aug14.jpg,1,0,0
correct/reloj_168_aug15.jpg,1,0,0
correct/reloj_168_aug16.jpg,1,0,0
correct/reloj_168_aug17.jpg,1,0,0
correct/reloj_168_aug18.jpg,1,0,0
correct/reloj_168_aug19.jpg,1,0,0
correct/reloj_168_aug20.jpg,1,0,0
correct/reloj_168_aug21.jpg,1,0,0
correct/reloj_168_aug22.jpg,1,0,0
correct/reloj_168_aug23.jpg,1,0,0
correct/reloj_168_aug24.jpg,1,0,0
correct/reloj_168_aug25.jpg,1,0,0
correct/reloj_168_aug26.jpg,1,0,0
correct/reloj_168_aug27.jpg,1,0,0
correct/reloj_168_aug28.jpg,1,0,0
correct/reloj_168_aug29.jpg,1,0,0
correct/reloj_168_aug30.jpg,1,0,0
correct/reloj_168_aug31.jpg,1,0,0
correct/reloj_168_aug32.jpg,1,0,0
correct/reloj_168_aug33.jpg,1,0,0
correct/reloj_168_aug34.jpg,1,0,0
correct/reloj_168_aug35.jpg,1,0,0
correct/reloj_168_aug36.jpg,1,0,0
correct/reloj_168_aug37.jpg,1,0,0
correct/reloj_168_aug38.jpg,1,0,0
correct/reloj_168_aug39.jpg,1,0,0
correct/reloj_168_aug40.jpg,1,0,0
correct/reloj_168_aug41.jpg,1,0,0
correct/reloj_168_aug42.jpg,1,0,0
correct/reloj_168_aug43.jpg,1,0,0
correct/reloj_168_aug44.jpg,1,0,0
correct/reloj_168_aug45.jpg,1,0,0
correct/reloj_168_aug46.jpg,1,0,0
correct/reloj_168_aug47.jpg,1,0,0
correct/reloj_168_aug48.jpg,1,0,0
correct/reloj_031_aug0.jpg,1,0,0
correct/reloj_031_aug1.jpg,1,0,0
correct/reloj_031_aug2.jpg,1,0,0
correct/reloj_031_aug3.jpg,1,0,0
correct/reloj_031_aug4.jpg,1,0,0
correct/reloj_031_aug5.jpg,1,0,0
correct/reloj_031_aug6.jpg,1,0,0
correct/reloj_031_aug7.jpg,1,0,0
correct/reloj_031_aug8.jpg,1,0,0
correct/reloj_031_aug9.jpg,1,0,0
correct/reloj_031_aug10.jpg,1,0,0
correct/reloj_031_aug11.jpg,1,0,0
correct/reloj_031_aug12.jpg,1,0,0
correct/reloj_031_aug13.jpg,1,0,0
correct/reloj_031_aug14.jpg,1,0,0
correct/reloj_031_aug15.jpg,1,0,0
correct/reloj_031_aug16.jpg,1,0,0
correct/reloj_031_aug17.jpg,1,0,0
correct/reloj_031_aug18.jpg,1,0,0
correct/reloj_031_aug19.jpg,1,0,0
correct/reloj_031_aug20.jpg,1,0,0
correct/reloj_031_aug21.jpg,1,0,0
correct/reloj_031_aug22.jpg,1,0,0
correct/reloj_031_aug23.jpg,1,0,0
correct/reloj_031_aug24.jpg,1,0,0
correct/reloj_031_aug25.jpg,1,0,0
correct/reloj_031_aug26.jpg,1,0,0
correct/reloj_031_aug27.jpg,1,0,0
correct/reloj_031_aug28.jpg,1,0,0
correct/reloj_031_aug29.jpg,1,0,0
correct/reloj_031_aug30.jpg,1,0,0
correct/reloj_031_aug31.jpg,1,0,0
correct/reloj_031_aug32.jpg,1,0,0
correct/reloj_031_aug33.jpg,1,0,0
correct/reloj_031_aug34.jpg,1,0,0
correct/reloj_031_aug35.jpg,1,0,0
correct/reloj_031_aug36.jpg,1,0,0
correct/reloj_031_aug37.jpg,1,0,0
correct/reloj_031_aug38.jpg,1,0,0
correct/reloj_031_aug39.jpg,1,0,0
correct/reloj_031_aug40.jpg,1,0,0
correct/reloj_031_aug41.jpg,1,0,0
correct/reloj_031_aug42.jpg,1,0,0
correct/reloj_031_aug43.jpg,1,0,0
correct/reloj_031_aug44.jpg,1,0,0
correct/reloj_031_aug45.jpg,1,0,0
correct/reloj_031_aug46.jpg,1,0,0
correct/reloj_031_aug47.jpg,1,0,0
correct/reloj_031_aug48.jpg,1,0,0
correct/reloj_002_aug0.jpg,1,0,0
correct/reloj_002_aug1.jpg,1,0,0
correct/reloj_002_aug2.jpg,1,0,0
correct/reloj_002_aug3.jpg,1,0,0
correct/reloj_002_aug4.jpg,1,0,0
correct/reloj_002_aug5.jpg,1,0,0
correct/reloj_002_aug6.jpg,1,0,0
correct/reloj_002_aug7.jpg,1,0,0
correct/reloj_002_aug8.jpg,1,0,0
correct/reloj_002_aug9.jpg,1,0,0
correct/reloj_002_aug10.jpg,1,0,0
correct/reloj_002_aug11.jpg,1,0,0
correct/reloj_002_aug12.jpg,1,0,0
correct/reloj_002_aug13.jpg,1,0,0
correct/reloj_002_aug14.jpg,1,0,0
correct/reloj_002_aug15.jpg,1,0,0
correct/reloj_002_aug16.jpg,1,0,0
correct/reloj_002_aug17.jpg,1,0,0
correct/reloj_002_aug18.jpg,1,0,0
correct/reloj_002_aug19.jpg,1,0,0
correct/reloj_002_aug20.jpg,1,0,0
correct/reloj_002_aug21.jpg,1,0,0
correct/reloj_002_aug22.jpg,1,0,0
correct/reloj_002_aug23.jpg,1,0,0
correct/reloj_002_aug24.jpg,1,0,0
correct/reloj_002_aug25.jpg,1,0,0
correct/reloj_002_aug26.jpg,1,0,0
correct/reloj_002_aug27.jpg,1,0,0
correct/reloj_002_aug28.jpg,1,0,0
correct/reloj_002_aug29.jpg,1,0,0
correct/reloj_002_aug30.jpg,1,0,0
correct/reloj_002_aug31.jpg,1,0,0
correct/reloj_002_aug32.jpg,1,0,0
correct/reloj_002_aug33.jpg,1,0,0
correct/reloj_002_aug34.jpg,1,0,0
correct/reloj_002_aug35.jpg,1,0,0
correct/reloj_002_aug36.jpg,1,0,0
correct/reloj_002_aug37.jpg,1,0,0
correct/reloj_002_aug38.jpg,1,0,0
correct/reloj_002_aug39.jpg,1,0,0
correct/reloj_002_aug40.jpg,1,0,0
correct/reloj_002_aug41.jpg,1,0,0
correct/reloj_002_aug42.jpg,1,0,0
correct/reloj_002_aug43.jpg,1,0,0
correct/reloj_002_aug44.jpg,1,0,0
correct/reloj_002_aug45.jpg,1,0,0
correct/reloj_002_aug46.jpg,1,0,0
correct/reloj_002_aug47.jpg,1,0,0
correct/reloj_002_aug48.jpg,1,0,0
correct/reloj_164_aug0.jpg,1,0,0
correct/reloj_164_aug1.jpg,1,0,0
correct/reloj_164_aug2.jpg,1,0,0
correct/reloj_164_aug3.jpg,1,0,0
correct/reloj_164_aug4.jpg,1,0,0
correct/reloj_164_aug5.jpg,1,0,0
correct/reloj_164_aug6.jpg,1,0,0
correct/reloj_164_aug7.jpg,1,0,0
correct/reloj_164_aug8.jpg,1,0,0
correct/reloj_164_aug9.jpg,1,0,0
correct/reloj_164_aug10.jpg,1,0,0
correct/reloj_164_aug11.jpg,1,0,0
correct/reloj_164_aug12.jpg,1,0,0
correct/reloj_164_aug13.jpg,1,0,0
correct/reloj_164_aug14.jpg,1,0,0
correct/reloj_164_aug15.jpg,1,0,0
correct/reloj_164_aug16.jpg,1,0,0
correct/reloj_164_aug17.jpg,1,0,0
correct/reloj_164_aug18.jpg,1,0,0
correct/reloj_164_aug19.jpg,1,0,0
correct/reloj_164_aug20.jpg,1,0,0
correct/reloj_164_aug21.jpg,1,0,0
correct/reloj_164_aug22.jpg,1,0,0
correct/reloj_164_aug23.jpg,1,0,0
correct/reloj_164_aug24.jpg,1,0,0
correct/reloj_164_aug25.jpg,1,0,0
correct/reloj_164_aug26.jpg,1,0,0
correct/reloj_164_aug27.jpg,1,0,0
correct/reloj_164_aug28.jpg,1,0,0
correct/reloj_164_aug29.jpg,1,0,0
correct/reloj_164_aug30.jpg,1,0,0
correct/reloj_164_aug31.jpg,1,0,0
correct/reloj_164_aug32.jpg,1,0,0
correct/reloj_164_aug33.jpg,1,0,0
correct/reloj_164_aug34.jpg,1,0,0
correct/reloj_164_aug35.jpg,1,0,0
correct/reloj_164_aug36.jpg,1,0,0
correct/reloj_164_aug37.jpg,1,0,0
correct/reloj_164_aug38.jpg,1,0,0
correct/reloj_164_aug39.jpg,1,0,0
correct/reloj_164_aug40.jpg,1,0,0
correct/reloj_164_aug41.jpg,1,0,0
correct/reloj_164_aug42.jpg,1,0,0
correct/reloj_164_aug43.jpg,1,0,0
correct/reloj_164_aug44.jpg,1,0,0
correct/reloj_164_aug45.jpg,1,0,0
correct/reloj_164_aug46.jpg,1,0,0
correct/reloj_164_aug47.jpg,1,0,0
correct/reloj_164_aug48.jpg,1,0,0
correct/reloj_097_aug0.jpg,1,0,0
correct/reloj_097_aug1.jpg,1,0,0
correct/reloj_097_aug2.jpg,1,0,0
correct/reloj_097_aug3.jpg,1,0,0
correct/reloj_097_aug4.jpg,1,0,0
correct/reloj_097_aug5.jpg,1,0,0
correct/reloj_097_aug6.jpg,1,0,0
correct/reloj_097_aug7.jpg,1,0,0
correct/reloj_097_aug8.jpg,1,0,0
correct/reloj_097_aug9.jpg,1,0,0
correct/reloj_097_aug10.jpg,1,0,0
correct/reloj_097_aug11.jpg,1,0,0
correct/reloj_097_aug12.jpg,1,0,0
correct/reloj_097_aug13.jpg,1,0,0
correct/reloj_097_aug14.jpg,1,0,0
correct/reloj_097_aug15.jpg,1,0,0
correct/reloj_097_aug16.jpg,1,0,0
correct/reloj_097_aug17.jpg,1,0,0
correct/reloj_097_aug18.jpg,1,0,0
correct/reloj_097_aug19.jpg,1,0,0
correct/reloj_097_aug20.jpg,1,0,0
correct/reloj_097_aug21.jpg,1,0,0
correct/reloj_097_aug22.jpg,1,0,0
correct/reloj_097_aug23.jpg,1,0,0
correct/reloj_097_aug24.jpg,1,0,0
correct/reloj_097_aug25.jpg,1,0,0
correct/reloj_097_aug26.jpg,1,0,0
correct/reloj_097_aug27.jpg,1,0,0
correct/reloj_097_aug28.jpg,1,0,0
correct/reloj_097_aug29.jpg,1,0,0
correct/reloj_097_aug30.jpg,1,0,0
correct/reloj_097_aug31.jpg,1,0,0
correct/reloj_097_aug32.jpg,1,0,0
correct/reloj_097_aug33.jpg,1,0,0
correct/reloj_097_aug34.jpg,1,0,0
correct/reloj_097_aug35.jpg,1,0,0
correct/reloj_097_aug36.jpg,1,0,0
correct/reloj_097_aug37.jpg,1,0,0
correct/reloj_097_aug38.jpg,1,0,0
correct/reloj_097_aug39.jpg,1,0,0
correct/reloj_097_aug40.jpg,1,0,0
correct/reloj_097_aug41.jpg,1,0,0
correct/reloj_097_aug42.jpg,1,0,0
correct/reloj_097_aug43.jpg,1,0,0
correct/reloj_097_aug44.jpg,1,0,0
correct/reloj_097_aug45.jpg,1,0,0
correct/reloj_097_aug46.jpg,1,0,0
correct/reloj_097_aug47.jpg,1,0,0
correct/reloj_097_aug48.jpg,1,0,0
correct/reloj_152_aug0.jpg,1,0,0
correct/reloj_152_aug1.jpg,1,0,0
correct/reloj_152_aug2.jpg,1,0,0
correct/reloj_152_aug3.jpg,1,0,0
correct/reloj_152_aug4.jpg,1,0,0
correct/reloj_152_aug5.jpg,1,0,0
correct/reloj_152_aug6.jpg,1,0,0
correct/reloj_152_aug7.jpg,1,0,0
correct/reloj_152_aug8.jpg,1,0,0
correct/reloj_152_aug9.jpg,1,0,0
correct/reloj_152_aug10.jpg,1,0,0
correct/reloj_152_aug11.jpg,1,0,0
correct/reloj_152_aug12.jpg,1,0,0
correct/reloj_152_aug13.jpg,1,0,0
correct/reloj_152_aug14.jpg,1,0,0
correct/reloj_152_aug15.jpg,1,0,0
correct/reloj_152_aug16.jpg,1,0,0
correct/reloj_152_aug17.jpg,1,0,0
correct/reloj_152_aug18.jpg,1,0,0
correct/reloj_152_aug19.jpg,1,0,0
correct/reloj_152_aug20.jpg,1,0,0
correct/reloj_152_aug21.jpg,1,0,0
correct/reloj_152_aug22.jpg,1,0,0
correct/reloj_152_aug23.jpg,1,0,0
correct/reloj_152_aug24.jpg,1,0,0
correct/reloj_152_aug25.jpg,1,0,0
correct/reloj_152_aug26.jpg,1,0,0
correct/reloj_152_aug27.jpg,1,0,0
correct/reloj_152_aug28.jpg,1,0,0
correct/reloj_152_aug29.jpg,1,0,0
correct/reloj_152_aug30.jpg,1,0,0
correct/reloj_152_aug31.jpg,1,0,0
correct/reloj_152_aug32.jpg,1,0,0
correct/reloj_152_aug33.jpg,1,0,0
correct/reloj_152_aug34.jpg,1,0,0
correct/reloj_152_aug35.jpg,1,0,0
correct/reloj_152_aug36.jpg,1,0,0
correct/reloj_152_aug37.jpg,1,0,0
correct/reloj_152_aug38.jpg,1,0,0
correct/reloj_152_aug39.jpg,1,0,0
correct/reloj_152_aug40.jpg,1,0,0
correct/reloj_152_aug41.jpg,1,0,0
correct/reloj_152_aug42.jpg,1,0,0
correct/reloj_152_aug43.jpg,1,0,0
correct/reloj_152_aug44.jpg,1,0,0
correct/reloj_152_aug45.jpg,1,0,0
correct/reloj_152_aug46.jpg,1,0,0
correct/reloj_152_aug47.jpg,1,0,0
correct/reloj_152_aug48.jpg,1,0,0
correct/reloj_003_aug0.jpg,1,0,0
correct/reloj_003_aug1.jpg,1,0,0
correct/reloj_003_aug2.jpg,1,0,0
correct/reloj_003_aug3.jpg,1,0,0
correct/reloj_003_aug4.jpg,1,0,0
correct/reloj_003_aug5.jpg,1,0,0
correct/reloj_003_aug6.jpg,1,0,0
correct/reloj_003_aug7.jpg,1,0,0
correct/reloj_003_aug8.jpg,1,0,0
correct/reloj_003_aug9.jpg,1,0,0
correct/reloj_003_aug10.jpg,1,0,0
correct/reloj_003_aug11.jpg,1,0,0
correct/reloj_003_aug12.jpg,1,0,0
correct/reloj_003_aug13.jpg,1,0,0
correct/reloj_003_aug14.jpg,1,0,0
correct/reloj_003_aug15.jpg,1,0,0
correct/reloj_003_aug16.jpg,1,0,0
correct/reloj_003_aug17.jpg,1,0,0
correct/reloj_003_aug18.jpg,1,0,0
correct/reloj_003_aug19.jpg,1,0,0
correct/reloj_003_aug20.jpg,1,0,0
correct/reloj_003_aug21.jpg,1,0,0
correct/reloj_003_aug22.jpg,1,0,0
correct/reloj_003_aug23.jpg,1,0,0
correct/reloj_003_aug24.jpg,1,0,0
correct/reloj_003_aug25.jpg,1,0,0
correct/reloj_003_aug26.jpg,1,0,0
correct/reloj_003_aug27.jpg,1,0,0
correct/reloj_003_aug28.jpg,1,0,0
correct/reloj_003_aug29.jpg,1,0,0
correct/reloj_003_aug30.jpg,1,0,0
correct/reloj_003_aug31.jpg,1,0,0
correct/reloj_003_aug32.jpg,1,0,0
correct/reloj_003_aug33.jpg,1,0,0
correct/reloj_003_aug34.jpg,1,0,0
correct/reloj_003_aug35.jpg,1,0,0
correct/reloj_003_aug36.jpg,1,0,0
correct/reloj_003_aug37.jpg,1,0,0
correct/reloj_003_aug38.jpg,1,0,0
correct/reloj_003_aug39.jpg,1,0,0
correct/reloj_003_aug40.jpg,1,0,0
correct/reloj_003_aug41.jpg,1,0,0
correct/reloj_003_aug42.jpg,1,0,0
correct/reloj_003_aug43.jpg,1,0,0
correct/reloj_003_aug44.jpg,1,0,0
correct/reloj_003_aug45.jpg,1,0,0
correct/reloj_003_aug46.jpg,1,0,0
correct/reloj_003_aug47.jpg,1,0,0
correct/reloj_003_aug48.jpg,1,0,0
correct/reloj_208_aug0.png,1,0,1
correct/reloj_208_aug1.png,1,0,1
correct/reloj_208_aug2.png,1,0,1
correct/reloj_208_aug3.png,1,0,1
correct/reloj_208_aug4.png,1,0,1
correct/reloj_208_aug5.png,1,0,1
correct/reloj_208_aug6.png,1,0,1
correct/reloj_208_aug7.png,1,0,1
correct/reloj_208_aug8.png,1,0,1
correct/reloj_208_aug9.png,1,0,1
correct/reloj_208_aug10.png,1,0,1
correct/reloj_208_aug11.png,1,0,1
correct/reloj_208_aug12.png,1,0,1
correct/reloj_208_aug13.png,1,0,1
correct/reloj_208_aug14.png,1,0,1
correct/reloj_208_aug15.png,1,0,1
correct/reloj_208_aug16.png,1,0,1
correct/reloj_208_aug17.png,1,0,1
correct/reloj_208_aug18.png,1,0,1
correct/reloj_208_aug19.png,1,0,1
correct/reloj_208_aug20.png,1,0,1
correct/reloj_208_aug21.png,1,0,1
correct/reloj_208_aug22.png,1,0,1
correct/reloj_208_aug23.png,1,0,1
correct/reloj_208_aug24.png,1,0,1
correct/reloj_208_aug25.png,1,0,1
correct/reloj_208_aug26.png,1,0,1
correct/reloj_208_aug27.png,1,0,1
correct/reloj_208_aug28.png,1,0,1
correct/reloj_208_aug29.png,1,0,1
correct/reloj_208_aug30.png,1,0,1
correct/reloj_208_aug31.png,1,0,1
correct/reloj_208_aug32.png,1,0,1
correct/reloj_208_aug33.png,1,0,1
correct/reloj_208_aug34.png,1,0,1
correct/reloj_208_aug35.png,1,0,1
correct/reloj_208_aug36.png,1,0,1
correct/reloj_208_aug37.png,1,0,1
correct/reloj_208_aug38.png,1,0,1
correct/reloj_208_aug39.png,1,0,1
correct/reloj_208_aug40.png,1,0,1
correct/reloj_208_aug41.png,1,0,1
correct/reloj_208_aug42.png,1,0,1
correct/reloj_208_aug43.png,1,0,1
correct/reloj_208_aug44.png,1,0,1
correct/reloj_208_aug45.png,1,0,1
correct/reloj_208_aug46.png,1,0,1
correct/reloj_208_aug47.png,1,0,1
correct/reloj_208_aug48.png,1,0,1
correct/reloj_208_aug49.png,1,0,1
correct/reloj_208_aug50.png,1,0,1
correct/reloj_208_aug51.png,1,0,1
correct/reloj_208_aug52.png,1,0,1
correct/reloj_208_aug53.png,1,0,1
correct/reloj_208_aug54.png,1,0,1
correct/reloj_208_aug55.png,1,0,1
correct/reloj_208_aug56.png,1,0,1
correct/reloj_208_aug57.png,1,0,1
correct/reloj_208_aug58.png,1,0,1
correct/reloj_208_aug59.png,1,0,1
correct/reloj_208_aug60.png,1,0,1
correct/reloj_208_aug61.png,1,0,1
correct/reloj_208_aug62.png,1,0,1
correct/reloj_208_aug63.png,1,0,1
correct/reloj_208_aug64.png,1,0,1
correct/reloj_208_aug65.png,1,0,1
correct/reloj_208_aug66.png,1,0,1
correct/reloj_208_aug67.png,1,0,1
correct/reloj_208_aug68.png,1,0,1
correct/reloj_208_aug69.png,1,0,1
correct/reloj_208_aug70.png,1,0,1
correct/reloj_208_aug71.png,1,0,1
correct/reloj_208_aug72.png,1,0,1
correct/reloj_208_aug73.png,1,0,1
correct/reloj_208_aug74.png,1,0,1
correct/reloj_208_aug75.png,1,0,1
correct/reloj_208_aug76.png,1,0,1
correct/reloj_208_aug77.png,1,0,1
correct/reloj_208_aug78.png,1,0,1
correct/reloj_208_aug79.png,1,0,1
correct/reloj_208_aug80.png,1,0,1
correct/reloj_208_aug81.png,1,0,1
correct/reloj_208_aug82.png,1,0,1
correct/reloj_208_aug83.png,1,0,1
correct/reloj_208_aug84.png,1,0,1
correct/reloj_208_aug85.png,1,0,1
correct/reloj_208_aug86.png,1,0,1
correct/reloj_208_aug87.png,1,0,1
correct/reloj_208_aug88.png,1,0,1
correct/reloj_208_aug89.png,1,0,1
correct/reloj_208_aug90.png,1,0,1
correct/reloj_208_aug91.png,1,0,1
correct/reloj_208_aug92.png,1,0,1
correct/reloj_208_aug93.png,1,0,1
correct/reloj_208_aug94.png,1,0,1
correct/reloj_208_aug95.png,1,0,1
correct/reloj_208_aug96.png,1,0,1
correct/reloj_208_aug97.png,1,0,1
correct/reloj_208_aug98.png,1,0,1
correct/reloj_208_aug99.png,1,0,1
correct/reloj_208_aug100.png,1,0,1
correct/reloj_208_aug101.png,1,0,1
correct/reloj_208_aug102.png,1,0,1
correct/reloj_208_aug103.png,1,0,1
correct/reloj_208_aug104.png,1,0,1
correct/reloj_208_aug105.png,1,0,1
correct/reloj_208_aug106.png,1,0,1
correct/reloj_208_aug107.png,1,0,1
correct/reloj_208_aug108.png,1,0,1
correct/reloj_208_aug109.png,1,0,1
correct/reloj_208_aug110.png,1,0,1
correct/reloj_208_aug111.png,1,0,1
correct/reloj_208_aug112.png,1,0,1
correct/reloj_208_aug113.png,1,0,1
correct/reloj_208_aug114.png,1,0,1
correct/reloj_208_aug115.png,1,0,1
correct/reloj_208_aug116.png,1,0,1
correct/reloj_208_aug117.png,1,0,1
correct/reloj_208_aug118.png,1,0,1
correct/reloj_208_aug119.png,1,0,1
correct/reloj_208_aug120.png,1,0,1
correct/reloj_208_aug121.png,1,0,1
correct/reloj_208_aug122.png,1,0,1
correct/reloj_208_aug123.png,1,0,1
correct/reloj_208_aug124.png,1,0,1
correct/reloj_208_aug125.png,1,0,1
correct/reloj_208_aug126.png,1,0,1
correct/reloj_208_aug127.png,1,0,1
correct/reloj_208_aug128.png,1,0,1
correct/reloj_208_aug129.png,1,0,1
correct/reloj_208_aug130.png,1,0,1
correct/reloj_208_aug131.png,1,0,1
correct/reloj_208_aug132.png,1,0,1
correct/reloj_208_aug133.png,1,0,1
correct/reloj_208_aug134.png,1,0,1
correct/reloj_208_aug135.png,1,0,1
correct/reloj_208_aug136.png,1,0,1
correct/reloj_208_aug137.png,1,0,1
correct/reloj_208_aug138.png,1,0,1
correct/reloj_208_aug139.png,1,0,1
correct/reloj_208_aug140.png,1,0,1
correct/reloj_208_aug141.png,1,0,1
correct/reloj_208_aug142.png,1,0,1
correct/reloj_208_aug143.png,1,0,1
correct/reloj_208_aug144.png,1,0,1
correct/reloj_208_aug145.png,1,0,1
correct/reloj_208_aug146.png,1,0,1
correct/reloj_208_aug147.png,1,0,1
correct/reloj_208_aug148.png,1,0,1
correct/reloj_208_aug149.png,1,0,1
correct/reloj_208_aug150.png,1,0,1
correct/reloj_208_aug151.png,1,0,1
correct/reloj_208_aug152.png,1,0,1
correct/reloj_208_aug153.png,1,0,1
correct/reloj_208_aug154.png,1,0,1
correct/reloj_208_aug155.png,1,0,1
correct/reloj_208_aug156.png,1,0,1
correct/reloj_208_aug157.png,1,0,1
correct/reloj_208_aug158.png,1,0,1
correct/reloj_208_aug159.png,1,0,1
correct/reloj_208_aug160.png,1,0,1
correct/reloj_208_aug161.png,1,0,1
correct/reloj_208_aug162.png,1,0,1
correct/reloj_208_aug163.png,1,0,1
correct/reloj_208_aug164.png,1,0,1
correct/reloj_208_aug165.png,1,0,1
correct/reloj_208_aug166.png,1,0,1
correct/reloj_208_aug167.png,1,0,1
correct/reloj_208_aug168.png,1,0,1
correct/reloj_208_aug169.png,1,0,1
correct/reloj_208_aug170.png,1,0,1
correct/reloj_208_aug171.png,1,0,1
correct/reloj_208_aug172.png,1,0,1
correct/reloj_208_aug173.png,1,0,1
correct/reloj_208_aug174.png,1,0,1
correct/reloj_208_aug175.png,1,0,1
correct/reloj_208_aug176.png,1,0,1
correct/reloj_208_aug177.png,1,0,1
correct/reloj_208_aug178.png,1,0,1
correct/reloj_208_aug179.png,1,0,1
correct/reloj_208_aug180.png,1,0,1
correct/reloj_208_aug181.png,1,0,1
correct/reloj_208_aug182.png,1,0,1
correct/reloj_208_aug183.png,1,0,1
correct/reloj_208_aug184.png,1,0,1
correct/reloj_208_aug185.png,1,0,1
correct/reloj_208_aug186.png,1,0,1
correct/reloj_208_aug187.png,1,0,1
correct/reloj_208_aug188.png,1,0,1
correct/reloj_208_aug189.png,1,0,1
correct/reloj_208_aug190.png,1,0,1
correct/reloj_208_aug191.png,1,0,1
correct/reloj_208_aug192.png,1,0,1
correct/reloj_208_aug193.png,1,0,1
correct/reloj_208_aug194.png,1,0,1
correct/reloj_208_aug195.png,1,0,1
correct/reloj_208_aug196.png,1,0,1
correct/reloj_208_aug197.png,1,0,1
correct/reloj_208_aug198.png,1,0,1
correct/reloj_208_aug199.png,1,0,1
correct/reloj_208_aug200.png,1,0,1
correct/reloj_208_aug201.png,1,0,1
correct/reloj_208_aug202.png,1,0,1
correct/reloj_208_aug203.png,1,0,1
correct/reloj_208_aug204.png,1,0,1
correct/reloj_208_aug205.png,1,0,1
correct/reloj_208_aug206.png,1,0,1
correct/reloj_208_aug207.png,1,0,1
correct/reloj_208_aug208.png,1,0,1
correct/reloj_208_aug209.png,1,0,1
correct/reloj_208_aug210.png,1,0,1
correct/reloj_208_aug211.png,1,0,1
correct/reloj_208_aug212.png,1,0,1
correct/reloj_208_aug213.png,1,0,1
correct/reloj_208_aug214.png,1,0,1
correct/reloj_208_aug215.png,1,0,1
correct/reloj_208_aug216.png,1,0,1
correct/reloj_208_aug217.png,1,0,1
correct/reloj_208_aug218.png,1,0,1
correct/reloj_208_aug219.png,1,0,1
correct/reloj_208_aug220.png,1,0,1
correct/reloj_208_aug221.png,1,0,1
correct/reloj_208_aug222.png,1,0,1
correct/reloj_208_aug223.png,1,0,1
correct/reloj_208_aug224.png,1,0,1
correct/reloj_208_aug225.png,1,0,1
correct/reloj_208_aug226.png,1,0,1
correct/reloj_208_aug227.png,1,0,1
correct/reloj_208_aug228.png,1,0,1
correct/reloj_208_aug229.png,1,0,1
correct/reloj_208_aug230.png,1,0,1
correct/reloj_208_aug231.png,1,0,1
correct/reloj_208_aug232.png,1,0,1
correct/reloj_208_aug233.png,1,0,1
correct/reloj_208_aug234.png,1,0,1
correct/reloj_208_aug235.png,1,0,1
correct/reloj_208_aug236.png,1,0,1
correct/reloj_208_aug237.png,1,0,1
correct/reloj_208_aug238.png,1,0,1
correct/reloj_208_aug239.png,1,0,1
correct/reloj_208_aug240.png,1,0,1
correct/reloj_208_aug241.png,1,0,1
correct/reloj_208_aug242.png,1,0,1
correct/reloj_208_aug243.png,1,0,1
correct/reloj_208_aug244.png,1,0,1
correct/reloj_208_aug245.png,1,0,1
correct/reloj_208_aug246.png,1,0,1
correct/reloj_208_aug247.png,1,0,1
correct/reloj_208_aug248.png,1,0,1
correct/reloj_223_aug0.png,1,0,1
correct/reloj_223_aug1.png,1,0,1
correct/reloj_223_aug2.png,1,0,1
correct/reloj_223_aug3.png,1,0,1
correct/reloj_223_aug4.png,1,0,1
correct/reloj_223_aug5.png,1,0,1
correct/reloj_223_aug6.png,1,0,1
correct/reloj_223_aug7.png,1,0,1
correct/reloj_223_aug8.png,1,0,1
correct/reloj_223_aug9.png,1,0,1
correct/reloj_223_aug10.png,1,0,1
correct/reloj_223_aug11.png,1,0,1
correct/reloj_223_aug12.png,1,0,1
correct/reloj_223_aug13.png,1,0,1
correct/reloj_223_aug14.png,1,0,1
correct/reloj_223_aug15.png,1,0,1
correct/reloj_223_aug16.png,1,0,1
correct/reloj_223_aug17.png,1,0,1
correct/reloj_223_aug18.png,1,0,1
correct/reloj_223_aug19.png,1,0,1
correct/reloj_223_aug20.png,1,0,1
correct/reloj_223_aug21.png,1,0,1
correct/reloj_223_aug22.png,1,0,1
correct/reloj_223_aug23.png,1,0,1
correct/reloj_223_aug24.png,1,0,1
correct/reloj_223_aug25.png,1,0,1
correct/reloj_223_aug26.png,1,0,1
correct/reloj_223_aug27.png,1,0,1
correct/reloj_223_aug28.png,1,0,1
correct/reloj_223_aug29.png,1,0,1
correct/reloj_223_aug30.png,1,0,1
correct/reloj_223_aug31.png,1,0,1
correct/reloj_223_aug32.png,1,0,1
correct/reloj_223_aug33.png,1,0,1
correct/reloj_223_aug34.png,1,0,1
correct/reloj_223_aug35.png,1,0,1
correct/reloj_223_aug36.png,1,0,1
correct/reloj_223_aug37.png,1,0,1
correct/reloj_223_aug38.png,1,0,1
correct/reloj_223_aug39.png,1,0,1
correct/reloj_223_aug40.png,1,0,1
correct/reloj_223_aug41.png,1,0,1
correct/reloj_223_aug42.png,1,0,1
correct/reloj_223_aug43.png,1,0,1
correct/reloj_223_aug44.png,1,0,1
correct/reloj_223_aug45.png,1,0,1
correct/reloj_223_aug46.png,1,0,1
correct/reloj_223_aug47.png,1,0,1
correct/reloj_223_aug48.png,1,0,1
correct/reloj_223_aug49.png,1,0,1
correct/reloj_223_aug50.png,1,0,1
correct/reloj_223_aug51.png,1,0,1
correct/reloj_223_aug52.png,1,0,1
correct/reloj_223_aug53.png,1,0,1
correct/reloj_223_aug54.png,1,0,1
correct/reloj_223_aug55.png,1,0,1
correct/reloj_223_aug56.png,1,0,1
correct/reloj_223_aug57.png,1,0,1
correct/reloj_223_aug58.png,1,0,1
correct/reloj_223_aug59.png,1,0,1
correct/reloj_223_aug60.png,1,0,1
correct/reloj_223_aug61.png,1,0,1
correct/reloj_223_aug62.png,1,0,1
correct/reloj_223_aug63.png,1,0,1
correct/reloj_223_aug64.png,1,0,1
correct/reloj_223_aug65.png,1,0,1
correct/reloj_223_aug66.png,1,0,1
correct/reloj_223_aug67.png,1,0,1
correct/reloj_223_aug68.png,1,0,1
correct/reloj_223_aug69.png,1,0,1
correct/reloj_223_aug70.png,1,0,1
correct/reloj_223_aug71.png,1,0,1
correct/reloj_223_aug72.png,1,0,1
correct/reloj_223_aug73.png,1,0,1
correct/reloj_223_aug74.png,1,0,1
correct/reloj_223_aug75.png,1,0,1
correct/reloj_223_aug76.png,1,0,1
correct/reloj_223_aug77.png,1,0,1
correct/reloj_223_aug78.png,1,0,1
correct/reloj_223_aug79.png,1,0,1
correct/reloj_223_aug80.png,1,0,1
correct/reloj_223_aug81.png,1,0,1
correct/reloj_223_aug82.png,1,0,1
correct/reloj_223_aug83.png,1,0,1
correct/reloj_223_aug84.png,1,0,1
correct/reloj_223_aug85.png,1,0,1
correct/reloj_223_aug86.png,1,0,1
correct/reloj_223_aug87.png,1,0,1
correct/reloj_223_aug88.png,1,0,1
correct/reloj_223_aug89.png,1,0,1
correct/reloj_223_aug90.png,1,0,1
correct/reloj_223_aug91.png,1,0,1
correct/reloj_223_aug92.png,1,0,1
correct/reloj_223_aug93.png,1,0,1
correct/reloj_223_aug94.png,1,0,1
correct/reloj_223_aug95.png,1,0,1
correct/reloj_223_aug96.png,1,0,1
correct/reloj_223_aug97.png,1,0,1
correct/reloj_223_aug98.png,1,0,1
correct/reloj_223_aug99.png,1,0,1
correct/reloj_223_aug100.png,1,0,1
correct/reloj_223_aug101.png,1,0,1
correct/reloj_223_aug102.png,1,0,1
correct/reloj_223_aug103.png,1,0,1
correct/reloj_223_aug104.png,1,0,1
correct/reloj_223_aug105.png,1,0,1
correct/reloj_223_aug106.png,1,0,1
correct/reloj_223_aug107.png,1,0,1
correct/reloj_223_aug108.png,1,0,1
correct/reloj_223_aug109.png,1,0,1
correct/reloj_223_aug110.png,1,0,1
correct/reloj_223_aug111.png,1,0,1
correct/reloj_223_aug112.png,1,0,1
correct/reloj_223_aug113.png,1,0,1
correct/reloj_223_aug114.png,1,0,1
correct/reloj_223_aug115.png,1,0,1
correct/reloj_223_aug116.png,1,0,1
correct/reloj_223_aug117.png,1,0,1
correct/reloj_223_aug118.png,1,0,1
correct/reloj_223_aug119.png,1,0,1
correct/reloj_223_aug120.png,1,0,1
correct/reloj_223_aug121.png,1,0,1
correct/reloj_223_aug122.png,1,0,1
correct/reloj_223_aug123.png,1,0,1
correct/reloj_223_aug124.png,1,0,1
correct/reloj_223_aug125.png,1,0,1
correct/reloj_223_aug126.png,1,0,1
correct/reloj_223_aug127.png,1,0,1
correct/reloj_223_aug128.png,1,0,1
correct/reloj_223_aug129.png,1,0,1
correct/reloj_223_aug130.png,1,0,1
correct/reloj_223_aug131.png,1,0,1
correct/reloj_223_aug132.png,1,0,1
correct/reloj_223_aug133.png,1,0,1
correct/reloj_223_aug134.png,1,0,1
correct/reloj_223_aug135.png,1,0,1
correct/reloj_223_aug136.png,1,0,1
correct/reloj_223_aug137.png,1,0,1
correct/reloj_223_aug138.png,1,0,1
correct/reloj_223_aug139.png,1,0,1
correct/reloj_223_aug140.png,1,0,1
correct/reloj_223_aug141.png,1,0,1
correct/reloj_223_aug142.png,1,0,1
correct/reloj_223_aug143.png,1,0,1
correct/reloj_223_aug144.png,1,0,1
correct/reloj_223_aug145.png,1,0,1
correct/reloj_223_aug146.png,1,0,1
correct/reloj_223_aug147.png,1,0,1
correct/reloj_223_aug148.png,1,0,1
correct/reloj_223_aug149.png,1,0,1
correct/reloj_223_aug150.png,1,0,1
correct/reloj_223_aug151.png,1,0,1
correct/reloj_223_aug152.png,1,0,1
correct/reloj_223_aug153.png,1,0,1
correct/reloj_223_aug154.png,1,0,1
correct/reloj_223_aug155.png,1,0,1
correct/reloj_223_aug156.png,1,0,1
correct/reloj_223_aug157.png,1,0,1
correct/reloj_223_aug158.png,1,0,1
correct/reloj_223_aug159.png,1,0,1
correct/reloj_223_aug160.png,1,0,1
correct/reloj_223_aug161.png,1,0,1
correct/reloj_223_aug162.png,1,0,1
correct/reloj_223_aug163.png,1,0,1
correct/reloj_223_aug164.png,1,0,1
correct/reloj_223_aug165.png,1,0,1
correct/reloj_223_aug166.png,1,0,1
correct/reloj_223_aug167.png,1,0,1
correct/reloj_223_aug168.png,1,0,1
correct/reloj_223_aug169.png,1,0,1
correct/reloj_223_aug170.png,1,0,1
correct/reloj_223_aug171.png,1,0,1
correct/reloj_223_aug172.png,1,0,1
correct/reloj_223_aug173.png,1,0,1
correct/reloj_223_aug174.png,1,0,1
correct/reloj_223_aug175.png,1,0,1
correct/reloj_223_aug176.png,1,0,1
correct/reloj_223_aug177.png,1,0,1
correct/reloj_223_aug178.png,1,0,1
correct/reloj_223_aug179.png,1,0,1
correct/reloj_223_aug180.png,1,0,1
correct/reloj_223_aug181.png,1,0,1
correct/reloj_223_aug182.png,1,0,1
correct/reloj_223_aug183.png,1,0,1
correct/reloj_223_aug184.png,1,0,1
correct/reloj_223_aug185.png,1,0,1
correct/reloj_223_aug186.png,1,0,1
correct/reloj_223_aug187.png,1,0,1
correct/reloj_223_aug188.png,1,0,1
correct/reloj_223_aug189.png,1,0,1
correct/reloj_223_aug190.png,1,0,1
correct/reloj_223_aug191.png,1,0,1
correct/reloj_223_aug192.png,1,0,1
correct/reloj_223_aug193.png,1,0,1
correct/reloj_223_aug194.png,1,0,1
correct/reloj_223_aug195.png,1,0,1
correct/reloj_223_aug196.png,1,0,1
correct/reloj_223_aug197.png,1,0,1
correct/reloj_223_aug198.png,1,0,1
correct/reloj_223_aug199.png,1,0,1
correct/reloj_223_aug200.png,1,0,1
correct/reloj_223_aug201.png,1,0,1
correct/reloj_223_aug202.png,1,0,1
correct/reloj_223_aug203.png,1,0,1
correct/reloj_223_aug204.png,1,0,1
correct/reloj_223_aug205.png,1,0,1
correct/reloj_223_aug206.png,1,0,1
correct/reloj_223_aug207.png,1,0,1
correct/reloj_223_aug208.png,1,0,1
correct/reloj_223_aug209.png,1,0,1
correct/reloj_223_aug210.png,1,0,1
correct/reloj_223_aug211.png,1,0,1
correct/reloj_223_aug212.png,1,0,1
correct/reloj_223_aug213.png,1,0,1
correct/reloj_223_aug214.png,1,0,1
correct/reloj_223_aug215.png,1,0,1
correct/reloj_223_aug216.png,1,0,1
correct/reloj_223_aug217.png,1,0,1
correct/reloj_223_aug218.png,1,0,1
correct/reloj_223_aug219.png,1,0,1
correct/reloj_223_aug220.png,1,0,1
correct/reloj_223_aug221.png,1,0,1
correct/reloj_223_aug222.png,1,0,1
correct/reloj_223_aug223.png,1,0,1
correct/reloj_223_aug224.png,1,0,1
correct/reloj_223_aug225.png,1,0,1
correct/reloj_223_aug226.png,1,0,1
correct/reloj_223_aug227.png,1,0,1
correct/reloj_223_aug228.png,1,0,1
correct/reloj_223_aug229.png,1,0,1
correct/reloj_223_aug230.png,1,0,1
correct/reloj_223_aug231.png,1,0,1
correct/reloj_223_aug232.png,1,0,1
correct/reloj_223_aug233.png,1,0,1
correct/reloj_223_aug234.png,1,0,1
correct/reloj_223_aug235.png,1,0,1
correct/reloj_223_aug236.png,1,0,1
correct/reloj_223_aug237.png,1,0,1
correct/reloj_223_aug238.png,1,0,1
correct/reloj_223_aug239.png,1,0,1
correct/reloj_223_aug240.png,1,0,1
correct/reloj_223_aug241.png,1,0,1
correct/reloj_223_aug242.png,1,0,1
correct/reloj_223_aug243.png,1,0,1
correct/reloj_223_aug244.png,1,0,1
correct/reloj_223_aug245.png,1,0,1
correct/reloj_223_aug246.png,1,0,1
correct/reloj_223_aug247.png,1,0,1
correct/reloj_223_aug248.png,1,0,1
correct/reloj_224_aug0.png,1,0,1
correct/reloj_224_aug1.png,1,0,1
correct/reloj_224_aug2.png,1,0,1
correct/reloj_224_aug3.png,1,0,1
correct/reloj_224_aug4.png,1,0,1
correct/reloj_224_aug5.png,1,0,1
correct/reloj_224_aug6.png,1,0,1
correct/reloj_224_aug7.png,1,0,1
correct/reloj_224_aug8.png,1,0,1
correct/reloj_224_aug9.png,1,0,1
correct/reloj_224_aug10.png,1,0,1
correct/reloj_224_aug11.png,1,0,1
correct/reloj_224_aug12.png,1,0,1
correct/reloj_224_aug13.png,1,0,1
correct/reloj_224_aug14.png,1,0,1
correct/reloj_224_aug15.png,1,0,1
correct/reloj_224_aug16.png,1,0,1
correct/reloj_224_aug17.png,1,0,1
correct/reloj_224_aug18.png,1,0,1
correct/reloj_224_aug19.png,1,0,1
correct/reloj_224_aug20.png,1,0,1
correct/reloj_224_aug21.png,1,0,1
correct/reloj_224_aug22.png,1,0,1
correct/reloj_224_aug23.png,1,0,1
correct/reloj_224_aug24.png,1,0,1
correct/reloj_224_aug25.png,1,0,1
correct/reloj_224_aug26.png,1,0,1
correct/reloj_224_aug27.png,1,0,1
correct/reloj_224_aug28.png,1,0,1
correct/reloj_224_aug29.png,1,0,1
correct/reloj_224_aug30.png,1,0,1
correct/reloj_224_aug31.png,1,0,1
correct/reloj_224_aug32.png,1,0,1
correct/reloj_224_aug33.png,1,0,1
correct/reloj_224_aug34.png,1,0,1
correct/reloj_224_aug35.png,1,0,1
correct/reloj_224_aug36.png,1,0,1
correct/reloj_224_aug37.png,1,0,1
correct/reloj_224_aug38.png,1,0,1
correct/reloj_224_aug39.png,1,0,1
correct/reloj_224_aug40.png,1,0,1
correct/reloj_224_aug41.png,1,0,1
correct/reloj_224_aug42.png,1,0,1
correct/reloj_224_aug43.png,1,0,1
correct/reloj_224_aug44.png,1,0,1
correct/reloj_224_aug45.png,1,0,1
correct/reloj_224_aug46.png,1,0,1
correct/reloj_224_aug47.png,1,0,1
correct/reloj_224_aug48.png,1,0,1
correct/reloj_224_aug49.png,1,0,1
correct/reloj_224_aug50.png,1,0,1
correct/reloj_224_aug51.png,1,0,1
correct/reloj_224_aug52.png,1,0,1
correct/reloj_224_aug53.png,1,0,1
correct/reloj_224_aug54.png,1,0,1
correct/reloj_224_aug55.png,1,0,1
correct/reloj_224_aug56.png,1,0,1
correct/reloj_224_aug57.png,1,0,1
correct/reloj_224_aug58.png,1,0,1
correct/reloj_224_aug59.png,1,0,1
correct/reloj_224_aug60.png,1,0,1
correct/reloj_224_aug61.png,1,0,1
correct/reloj_224_aug62.png,1,0,1
correct/reloj_224_aug63.png,1,0,1
correct/reloj_224_aug64.png,1,0,1
correct/reloj_224_aug65.png,1,0,1
correct/reloj_224_aug66.png,1,0,1
correct/reloj_224_aug67.png,1,0,1
correct/reloj_224_aug68.png,1,0,1
correct/reloj_224_aug69.png,1,0,1
correct/reloj_224_aug70.png,1,0,1
correct/reloj_224_aug71.png,1,0,1
correct/reloj_224_aug72.png,1,0,1
correct/reloj_224_aug73.png,1,0,1
correct/reloj_224_aug74.png,1,0,1
correct/reloj_224_aug75.png,1,0,1
correct/reloj_224_aug76.png,1,0,1
correct/reloj_224_aug77.png,1,0,1
correct/reloj_224_aug78.png,1,0,1
correct/reloj_224_aug79.png,1,0,1
correct/reloj_224_aug80.png,1,0,1
correct/reloj_224_aug81.png,1,0,1
correct/reloj_224_aug82.png,1,0,1
correct/reloj_224_aug83.png,1,0,1
correct/reloj_224_aug84.png,1,0,1
correct/reloj_224_aug85.png,1,0,1
correct/reloj_224_aug86.png,1,0,1
correct/reloj_224_aug87.png,1,0,1
correct/reloj_224_aug88.png,1,0,1
correct/reloj_224_aug89.png,1,0,1
correct/reloj_224_aug90.png,1,0,1
correct/reloj_224_aug91.png,1,0,1
correct/reloj_224_aug92.png,1,0,1
correct/reloj_224_aug93.png,1,0,1
correct/reloj_224_aug94.png,1,0,1
correct/reloj_224_aug95.png,1,0,1
correct/reloj_224_aug96.png,1,0,1
correct/reloj_224_aug97.png,1,0,1
correct/reloj_224_aug98.png,1,0,1
correct/reloj_224_aug99.png,1,0,1
correct/reloj_224_aug100.png,1,0,1
correct/reloj_224_aug101.png,1,0,1
correct/reloj_224_aug102.png,1,0,1
correct/reloj_224_aug103.png,1,0,1
correct/reloj_224_aug104.png,1,0,1
correct/reloj_224_aug105.png,1,0,1
correct/reloj_224_aug106.png,1,0,1
correct/reloj_224_aug107.png,1,0,1
correct/reloj_224_aug108.png,1,0,1
correct/reloj_224_aug109.png,1,0,1
correct/reloj_224_aug110.png,1,0,1
correct/reloj_224_aug111.png,1,0,1
correct/reloj_224_aug112.png,1,0,1
correct/reloj_224_aug113.png,1,0,1
correct/reloj_224_aug114.png,1,0,1
correct/reloj_224_aug115.png,1,0,1
correct/reloj_224_aug116.png,1,0,1
correct/reloj_224_aug117.png,1,0,1
correct/reloj_224_aug118.png,1,0,1
correct/reloj_224_aug119.png,1,0,1
correct/reloj_224_aug120.png,1,0,1
correct/reloj_224_aug121.png,1,0,1
correct/reloj_224_aug122.png,1,0,1
correct/reloj_224_aug123.png,1,0,1
correct/reloj_224_aug124.png,1,0,1
correct/reloj_224_aug125.png,1,0,1
correct/reloj_224_aug126.png,1,0,1
correct/reloj_224_aug127.png,1,0,1
correct/reloj_224_aug128.png,1,0,1
correct/reloj_224_aug129.png,1,0,1
correct/reloj_224_aug130.png,1,0,1
correct/reloj_224_aug131.png,1,0,1
correct/reloj_224_aug132.png,1,0,1
correct/reloj_224_aug133.png,1,0,1
correct/reloj_224_aug134.png,1,0,1
correct/reloj_224_aug135.png,1,0,1
correct/reloj_224_aug136.png,1,0,1
correct/reloj_224_aug137.png,1,0,1
correct/reloj_224_aug138.png,1,0,1
correct/reloj_224_aug139.png,1,0,1
correct/reloj_224_aug140.png,1,0,1
correct/reloj_224_aug141.png,1,0,1
correct/reloj_224_aug142.png,1,0,1
correct/reloj_224_aug143.png,1,0,1
correct/reloj_224_aug144.png,1,0,1
correct/reloj_224_aug145.png,1,0,1
correct/reloj_224_aug146.png,1,0,1
correct/reloj_224_aug147.png,1,0,1
correct/reloj_224_aug148.png,1,0,1
correct/reloj_224_aug149.png,1,0,1
correct/reloj_224_aug150.png,1,0,1
correct/reloj_224_aug151.png,1,0,1
correct/reloj_224_aug152.png,1,0,1
correct/reloj_224_aug153.png,1,0,1
correct/reloj_224_aug154.png,1,0,1
correct/reloj_224_aug155.png,1,0,1
correct/reloj_224_aug156.png,1,0,1
correct/reloj_224_aug157.png,1,0,1
correct/reloj_224_aug158.png,1,0,1
correct/reloj_224_aug159.png,1,0,1
correct/reloj_224_aug160.png,1,0,1
correct/reloj_224_aug161.png,1,0,1
correct/reloj_224_aug162.png,1,0,1
correct/reloj_224_aug163.png,1,0,1
correct/reloj_224_aug164.png,1,0,1
correct/reloj_224_aug165.png,1,0,1
correct/reloj_224_aug166.png,1,0,1
correct/reloj_224_aug167.png,1,0,1
correct/reloj_224_aug168.png,1,0,1
correct/reloj_224_aug169.png,1,0,1
correct/reloj_224_aug170.png,1,0,1
correct/reloj_224_aug171.png,1,0,1
correct/reloj_224_aug172.png,1,0,1
correct/reloj_224_aug173.png,1,0,1
correct/reloj_224_aug174.png,1,0,1
correct/reloj_224_aug175.png,1,0,1
correct/reloj_224_aug176.png,1,0,1
correct/reloj_224_aug177.png,1,0,1
correct/reloj_224_aug178.png,1,0,1
correct/reloj_224_aug179.png,1,0,1
correct/reloj_224_aug180.png,1,0,1
correct/reloj_224_aug181.png,1,0,1
correct/reloj_224_aug182.png,1,0,1
correct/reloj_224_aug183.png,1,0,1
correct/reloj_224_aug184.png,1,0,1
correct/reloj_224_aug185.png,1,0,1
correct/reloj_224_aug186.png,1,0,1
correct/reloj_224_aug187.png,1,0,1
correct/reloj_224_aug188.png,1,0,1
correct/reloj_224_aug189.png,1,0,1
correct/reloj_224_aug190.png,1,0,1
correct/reloj_224_aug191.png,1,0,1
correct/reloj_224_aug192.png,1,0,1
correct/reloj_224_aug193.png,1,0,1
correct/reloj_224_aug194.png,1,0,1
correct/reloj_224_aug195.png,1,0,1
correct/reloj_224_aug196.png,1,0,1
correct/reloj_224_aug197.png,1,0,1
correct/reloj_224_aug198.png,1,0,1
correct/reloj_224_aug199.png,1,0,1
correct/reloj_224_aug200.png,1,0,1
correct/reloj_224_aug201.png,1,0,1
correct/reloj_224_aug202.png,1,0,1
correct/reloj_224_aug203.png,1,0,1
correct/reloj_224_aug204.png,1,0,1
correct/reloj_224_aug205.png,1,0,1
correct/reloj_224_aug206.png,1,0,1
correct/reloj_224_aug207.png,1,0,1
correct/reloj_224_aug208.png,1,0,1
correct/reloj_224_aug209.png,1,0,1
correct/reloj_224_aug210.png,1,0,1
correct/reloj_224_aug211.png,1,0,1
correct/reloj_224_aug212.png,1,0,1
correct/reloj_224_aug213.png,1,0,1
correct/reloj_224_aug214.png,1,0,1
correct/reloj_224_aug215.png,1,0,1
correct/reloj_224_aug216.png,1,0,1
correct/reloj_224_aug217.png,1,0,1
correct/reloj_224_aug218.png,1,0,1
correct/reloj_224_aug219.png,1,0,1
correct/reloj_224_aug220.png,1,0,1
correct/reloj_224_aug221.png,1,0,1
correct/reloj_224_aug222.png,1,0,1
correct/reloj_224_aug223.png,1,0,1
correct/reloj_224_aug224.png,1,0,1
correct/reloj_224_aug225.png,1,0,1
correct/reloj_224_aug226.png,1,0,1
correct/reloj_224_aug227.png,1,0,1
correct/reloj_224_aug228.png,1,0,1
correct/reloj_224_aug229.png,1,0,1
correct/reloj_224_aug230.png,1,0,1
correct/reloj_224_aug231.png,1,0,1
correct/reloj_224_aug232.png,1,0,1
correct/reloj_224_aug233.png,1,0,1
correct/reloj_224_aug234.png,1,0,1
correct/reloj_224_aug235.png,1,0,1
correct/reloj_224_aug236.png,1,0,1
correct/reloj_224_aug237.png,1,0,1
correct/reloj_224_aug238.png,1,0,1
correct/reloj_224_aug239.png,1,0,1
correct/reloj_224_aug240.png,1,0,1
correct/reloj_224_aug241.png,1,0,1
correct/reloj_224_aug242.png,1,0,1
correct/reloj_224_aug243.png,1,0,1
correct/reloj_224_aug244.png,1,0,1
correct/reloj_224_aug245.png,1,0,1
correct/reloj_224_aug246.png,1,0,1
correct/reloj_224_aug247.png,1,0,1
correct/reloj_224_aug248.png,1,0,1
correct/reloj_222_aug0.png,1,0,1
correct/reloj_222_aug1.png,1,0,1
correct/reloj_222_aug2.png,1,0,1
correct/reloj_222_aug3.png,1,0,1
correct/reloj_222_aug4.png,1,0,1
correct/reloj_222_aug5.png,1,0,1
correct/reloj_222_aug6.png,1,0,1
correct/reloj_222_aug7.png,1,0,1
correct/reloj_222_aug8.png,1,0,1
correct/reloj_222_aug9.png,1,0,1
correct/reloj_222_aug10.png,1,0,1
correct/reloj_222_aug11.png,1,0,1
correct/reloj_222_aug12.png,1,0,1
correct/reloj_222_aug13.png,1,0,1
correct/reloj_222_aug14.png,1,0,1
correct/reloj_222_aug15.png,1,0,1
correct/reloj_222_aug16.png,1,0,1
correct/reloj_222_aug17.png,1,0,1
correct/reloj_222_aug18.png,1,0,1
correct/reloj_222_aug19.png,1,0,1
correct/reloj_222_aug20.png,1,0,1
correct/reloj_222_aug21.png,1,0,1
correct/reloj_222_aug22.png,1,0,1
correct/reloj_222_aug23.png,1,0,1
correct/reloj_222_aug24.png,1,0,1
correct/reloj_222_aug25.png,1,0,1
correct/reloj_222_aug26.png,1,0,1
correct/reloj_222_aug27.png,1,0,1
correct/reloj_222_aug28.png,1,0,1
correct/reloj_222_aug29.png,1,0,1
correct/reloj_222_aug30.png,1,0,1
correct/reloj_222_aug31.png,1,0,1
correct/reloj_222_aug32.png,1,0,1
correct/reloj_222_aug33.png,1,0,1
correct/reloj_222_aug34.png,1,0,1
correct/reloj_222_aug35.png,1,0,1
correct/reloj_222_aug36.png,1,0,1
correct/reloj_222_aug37.png,1,0,1
correct/reloj_222_aug38.png,1,0,1
correct/reloj_222_aug39.png,1,0,1
correct/reloj_222_aug40.png,1,0,1
correct/reloj_222_aug41.png,1,0,1
correct/reloj_222_aug42.png,1,0,1
correct/reloj_222_aug43.png,1,0,1
correct/reloj_222_aug44.png,1,0,1
correct/reloj_222_aug45.png,1,0,1
correct/reloj_222_aug46.png,1,0,1
correct/reloj_222_aug47.png,1,0,1
correct/reloj_222_aug48.png,1,0,1
correct/reloj_222_aug49.png,1,0,1
correct/reloj_222_aug50.png,1,0,1
correct/reloj_222_aug51.png,1,0,1
correct/reloj_222_aug52.png,1,0,1
correct/reloj_222_aug53.png,1,0,1
correct/reloj_222_aug54.png,1,0,1
correct/reloj_222_aug55.png,1,0,1
correct/reloj_222_aug56.png,1,0,1
correct/reloj_222_aug57.png,1,0,1
correct/reloj_222_aug58.png,1,0,1
correct/reloj_222_aug59.png,1,0,1
correct/reloj_222_aug60.png,1,0,1
correct/reloj_222_aug61.png,1,0,1
correct/reloj_222_aug62.png,1,0,1
correct/reloj_222_aug63.png,1,0,1
correct/reloj_222_aug64.png,1,0,1
correct/reloj_222_aug65.png,1,0,1
correct/reloj_222_aug66.png,1,0,1
correct/reloj_222_aug67.png,1,0,1
correct/reloj_222_aug68.png,1,0,1
correct/reloj_222_aug69.png,1,0,1
correct/reloj_222_aug70.png,1,0,1
correct/reloj_222_aug71.png,1,0,1
correct/reloj_222_aug72.png,1,0,1
correct/reloj_222_aug73.png,1,0,1
correct/reloj_222_aug74.png,1,0,1
correct/reloj_222_aug75.png,1,0,1
correct/reloj_222_aug76.png,1,0,1
correct/reloj_222_aug77.png,1,0,1
correct/reloj_222_aug78.png,1,0,1
correct/reloj_222_aug79.png,1,0,1
correct/reloj_222_aug80.png,1,0,1
correct/reloj_222_aug81.png,1,0,1
correct/reloj_222_aug82.png,1,0,1
correct/reloj_222_aug83.png,1,0,1
correct/reloj_222_aug84.png,1,0,1
correct/reloj_222_aug85.png,1,0,1
correct/reloj_222_aug86.png,1,0,1
correct/reloj_222_aug87.png,1,0,1
correct/reloj_222_aug88.png,1,0,1
correct/reloj_222_aug89.png,1,0,1
correct/reloj_222_aug90.png,1,0,1
correct/reloj_222_aug91.png,1,0,1
correct/reloj_222_aug92.png,1,0,1
correct/reloj_222_aug93.png,1,0,1
correct/reloj_222_aug94.png,1,0,1
correct/reloj_222_aug95.png,1,0,1
correct/reloj_222_aug96.png,1,0,1
correct/reloj_222_aug97.png,1,0,1
correct/reloj_222_aug98.png,1,0,1
correct/reloj_222_aug99.png,1,0,1
correct/reloj_222_aug100.png,1,0,1
correct/reloj_222_aug101.png,1,0,1
correct/reloj_222_aug102.png,1,0,1
correct/reloj_222_aug103.png,1,0,1
correct/reloj_222_aug104.png,1,0,1
correct/reloj_222_aug105.png,1,0,1
correct/reloj_222_aug106.png,1,0,1
correct/reloj_222_aug107.png,1,0,1
correct/reloj_222_aug108.png,1,0,1
correct/reloj_222_aug109.png,1,0,1
correct/reloj_222_aug110.png,1,0,1
correct/reloj_222_aug111.png,1,0,1
correct/reloj_222_aug112.png,1,0,1
correct/reloj_222_aug113.png,1,0,1
correct/reloj_222_aug114.png,1,0,1
correct/reloj_222_aug115.png,1,0,1
correct/reloj_222_aug116.png,1,0,1
correct/reloj_222_aug117.png,1,0,1
correct/reloj_222_aug118.png,1,0,1
correct/reloj_222_aug119.png,1,0,1
correct/reloj_222_aug120.png,1,0,1
correct/reloj_222_aug121.png,1,0,1
correct/reloj_222_aug122.png,1,0,1
correct/reloj_222_aug123.png,1,0,1
correct/reloj_222_aug124.png,1,0,1
correct/reloj_222_aug125.png,1,0,1
correct/reloj_222_aug126.png,1,0,1
correct/reloj_222_aug127.png,1,0,1
correct/reloj_222_aug128.png,1,0,1
correct/reloj_222_aug129.png,1,0,1
correct/reloj_222_aug130.png,1,0,1
correct/reloj_222_aug131.png,1,0,1
correct/reloj_222_aug132.png,1,0,1
correct/reloj_222_aug133.png,1,0,1
correct/reloj_222_aug134.png,1,0,1
correct/reloj_222_aug135.png,1,0,1
correct/reloj_222_aug136.png,1,0,1
correct/reloj_222_aug137.png,1,0,1
correct/reloj_222_aug138.png,1,0,1
correct/reloj_222_aug139.png,1,0,1
correct/reloj_222_aug140.png,1,0,1
correct/reloj_222_aug141.png,1,0,1
correct/reloj_222_aug142.png,1,0,1
correct/reloj_222_aug143.png,1,0,1
correct/reloj_222_aug144.png,1,0,1
correct/reloj_222_aug145.png,1,0,1
correct/reloj_222_aug146.png,1,0,1
correct/reloj_222_aug147.png,1,0,1
correct/reloj_222_aug148.png,1,0,1
correct/reloj_222_aug149.png,1,0,1
correct/reloj_222_aug150.png,1,0,1
correct/reloj_222_aug151.png,1,0,1
correct/reloj_222_aug152.png,1,0,1
correct/reloj_222_aug153.png,1,0,1
correct/reloj_222_aug154.png,1,0,1
correct/reloj_222_aug155.png,1,0,1
correct/reloj_222_aug156.png,1,0,1
correct/reloj_222_aug157.png,1,0,1
correct/reloj_222_aug158.png,1,0,1
correct/reloj_222_aug159.png,1,0,1
correct/reloj_222_aug160.png,1,0,1
correct/reloj_222_aug161.png,1,0,1
correct/reloj_222_aug162.png,1,0,1
correct/reloj_222_aug163.png,1,0,1
correct/reloj_222_aug164.png,1,0,1
correct/reloj_222_aug165.png,1,0,1
correct/reloj_222_aug166.png,1,0,1
correct/reloj_222_aug167.png,1,0,1
correct/reloj_222_aug168.png,1,0,1
correct/reloj_222_aug169.png,1,0,1
correct/reloj_222_aug170.png,1,0,1
correct/reloj_222_aug171.png,1,0,1
correct/reloj_222_aug172.png,1,0,1
correct/reloj_222_aug173.png,1,0,1
correct/reloj_222_aug174.png,1,0,1
correct/reloj_222_aug175.png,1,0,1
correct/reloj_222_aug176.png,1,0,1
correct/reloj_222_aug177.png,1,0,1
correct/reloj_222_aug178.png,1,0,1
correct/reloj_222_aug179.png,1,0,1
correct/reloj_222_aug180.png,1,0,1
correct/reloj_222_aug181.png,1,0,1
correct/reloj_222_aug182.png,1,0,1
correct/reloj_222_aug183.png,1,0,1
correct/reloj_222_aug184.png,1,0,1
correct/reloj_222_aug185.png,1,0,1
correct/reloj_222_aug186.png,1,0,1
correct/reloj_222_aug187.png,1,0,1
correct/reloj_222_aug188.png,1,0,1
correct/reloj_222_aug189.png,1,0,1
correct/reloj_222_aug190.png,1,0,1
correct/reloj_222_aug191.png,1,0,1
correct/reloj_222_aug192.png,1,0,1
correct/reloj_222_aug193.png,1,0,1
correct/reloj_222_aug194.png,1,0,1
correct/reloj_222_aug195.png,1,0,1
correct/reloj_222_aug196.png,1,0,1
correct/reloj_222_aug197.png,1,0,1
correct/reloj_222_aug198.png,1,0,1
correct/reloj_222_aug199.png,1,0,1
correct/reloj_222_aug200.png,1,0,1
correct/reloj_222_aug201.png,1,0,1
correct/reloj_222_aug202.png,1,0,1
correct/reloj_222_aug203.png,1,0,1
correct/reloj_222_aug204.png,1,0,1
correct/reloj_222_aug205.png,1,0,1
correct/reloj_222_aug206.png,1,0,1
correct/reloj_222_aug207.png,1,0,1
correct/reloj_222_aug208.png,1,0,1
correct/reloj_222_aug209.png,1,0,1
correct/reloj_222_aug210.png,1,0,1
correct/reloj_222_aug211.png,1,0,1
correct/reloj_222_aug212.png,1,0,1
correct/reloj_222_aug213.png,1,0,1
correct/reloj_222_aug214.png,1,0,1
correct/reloj_222_aug215.png,1,0,1
correct/reloj_222_aug216.png,1,0,1
correct/reloj_222_aug217.png,1,0,1
correct/reloj_222_aug218.png,1,0,1
correct/reloj_222_aug219.png,1,0,1
correct/reloj_222_aug220.png,1,0,1
correct/reloj_222_aug221.png,1,0,1
correct/reloj_222_aug222.png,1,0,1
correct/reloj_222_aug223.png,1,0,1
correct/reloj_222_aug224.png,1,0,1
correct/reloj_222_aug225.png,1,0,1
correct/reloj_222_aug226.png,1,0,1
correct/reloj_222_aug227.png,1,0,1
correct/reloj_222_aug228.png,1,0,1
correct/reloj_222_aug229.png,1,0,1
correct/reloj_222_aug230.png,1,0,1
correct/reloj_222_aug231.png,1,0,1
correct/reloj_222_aug232.png,1,0,1
correct/reloj_222_aug233.png,1,0,1
correct/reloj_222_aug234.png,1,0,1
correct/reloj_222_aug235.png,1,0,1
correct/reloj_222_aug236.png,1,0,1
correct/reloj_222_aug237.png,1,0,1
correct/reloj_222_aug238.png,1,0,1
correct/reloj_222_aug239.png,1,0,1
correct/reloj_222_aug240.png,1,0,1
correct/reloj_222_aug241.png,1,0,1
correct/reloj_222_aug242.png,1,0,1
correct/reloj_222_aug243.png,1,0,1
correct/reloj_222_aug244.png,1,0,1
correct/reloj_222_aug245.png,1,0,1
correct/reloj_222_aug246.png,1,0,1
correct/reloj_222_aug247.png,1,0,1
correct/reloj_222_aug248.png,1,0,1
